M,n_tasks,algorithm,run,cvr_mean,robust_util_total_mean,util_total_mean,time_mean_ms,time_std_ms,time_p99_ms,time_max_ms,timeout_rate
5,50,DG,0,0.2350994324433169,1.0513879160612505,0.5045214196110109,2.0756489974446595,0.0030501719752407,0.0863140751607716,0.0877000857144594,0.0
5,50,EPD-FF,0,0.150326259499015,1.0310528381993291,0.4998668720285152,2.182557003572583,0.0552416560057303,0.3184028645046055,0.3186999820172786,0.0
5,50,RA-LNS,0,0.0994279141723697,1.0588375698355788,0.5110088247016705,5.050172007177039,4.1735557906868905,115.5374720110558,117.00979992747308,1.0
5,50,RG,0,0.1927668097937938,1.0443112549825682,0.5058165605153285,2.22109400248155,0.0413635400045726,0.3763368376530707,0.3898998256772756,0.0
5,50,Std-LNS,0,0.1874279141723698,1.0588375698355788,0.5110088247016705,4.797663406818187,4.1735557906868905,115.5374720110558,117.00979992747308,1.0
5,50,DG,1,0.0736957779927507,0.929129264408071,0.4525059250939782,2.084769995883107,0.0193550630087716,0.1373441121540964,0.1515999902039766,0.0
5,50,EPD-FF,1,0.0410185195609344,0.9067463536822936,0.4538598597553829,2.139614990912378,0.0348445746567759,0.2217929321341224,0.3696000203490257,0.0
5,50,RA-LNS,1,0.0142422514996847,0.9269993573845504,0.4522571459697817,5.730336005799487,3.5070651587301884,114.29909296799453,117.85249994136392,1.0
5,50,RG,1,0.0464962364635943,0.9260203697547432,0.4516862150035887,2.225844006054104,0.0444758586522613,0.3763381857424974,0.3800999838858843,0.0
5,50,Std-LNS,1,0.1022422514996848,0.9269993573845504,0.4522571459697817,5.443819205509513,3.5070651587301884,114.29909296799453,117.85249994136392,1.0
5,50,DG,2,0.083129591417314,0.9383489763107808,0.4506873313667252,2.0846880045719445,0.0188692749440898,0.1416069152764976,0.1423000358045101,0.0
5,50,EPD-FF,2,0.0479712918660287,0.9190154927252604,0.460993365994747,2.138753992505372,0.0287026430791248,0.2200001594610512,0.2299000043421983,0.0
5,50,RA-LNS,2,0.013258097986648,0.928586409896978,0.4559551430465554,5.753834010101841,3.3650987097715297,113.55034207226709,114.2772000748664,1.0
5,50,RG,2,0.0455489603696461,0.9257826698254814,0.4530250989773432,2.2307240036316216,0.0501167641577664,0.3843598999083044,0.4200001712888479,0.0
5,50,Std-LNS,2,0.1012580979866481,0.928586409896978,0.4559551430465554,5.466142309596749,3.3650987097715297,113.55034207226709,114.2772000748664,1.0
5,50,DG,3,0.0717776273888656,0.9205104334628004,0.4411170117187624,2.0820239749737084,0.0171341343469349,0.1403920189477503,0.1494998577982187,0.0
5,50,EPD-FF,3,0.0427329017731493,0.8999314489421232,0.4402058036411542,2.132760009728372,0.0271721461781287,0.2283709915354848,0.23539992980659,0.0
5,50,RA-LNS,3,0.0156057141792041,0.918815611467164,0.4417716596639511,5.529751002322882,3.2317081917913693,112.92094393866137,113.62820002250372,1.0
5,50,RG,3,0.0455118122875305,0.9179867927429796,0.4414385047669801,2.231299998704344,0.0580398503477929,0.380321084521712,0.5902999546378851,0.0
5,50,Std-LNS,3,0.1036057141792042,0.918815611467164,0.4417716596639511,5.253263452206738,3.2317081917913693,112.92094393866137,113.62820002250372,1.0
5,50,DG,4,0.2566350324051202,1.0629492728263712,0.5113432360399299,2.0806830101646483,0.0199332101998966,0.1735120406374335,0.1747000496834516,0.0
5,50,EPD-FF,4,0.1735339150014072,1.039982492089314,0.509987589556567,2.154010003898293,0.0289148209633513,0.243732105009258,0.2864999696612358,0.0
5,50,RA-LNS,4,0.1199721187570093,1.071488136893331,0.5178298564340504,4.218387019354836,3.053717190380316,111.19784013833852,112.7561000175774,1.0
5,50,RG,4,0.2182689681661574,1.0568227031325428,0.5115663486622237,2.2198720234446228,0.0372292158583945,0.3633119724690914,0.3744000568985939,0.0
5,50,Std-LNS,4,0.2079721187570093,1.071488136893331,0.5178298564340504,4.007467668387094,3.053717190380316,111.19784013833852,112.7561000175774,1.0
5,50,DG,5,0.1995962085386764,1.0286954377682629,0.4944443923720225,2.080564017407596,0.0120629506603567,0.1121861534193159,0.1306000631302595,0.0
5,50,EPD-FF,5,0.1293726991274979,1.0031123184651958,0.4992198963213364,2.147124002687633,0.0252758112453305,0.2239090739749372,0.2347000408917665,0.0
5,50,RA-LNS,5,0.0824205112752058,1.031555698083822,0.4971714478239507,4.307502005249262,3.364671321851766,111.52191786561164,113.94920013844968,1.0
5,50,RG,5,0.1586834444527251,1.019741684681826,0.4958467142707278,2.2225470053963363,0.0395970445232222,0.3711071470752358,0.3718000371009111,0.0
5,50,Std-LNS,5,0.1704205112752058,1.031555698083822,0.4971714478239507,4.092126904986799,3.364671321851766,111.52191786561164,113.94920013844968,1.0
5,50,DG,6,0.0852918702798756,0.9291950781746168,0.4475964421615205,2.0819920073263347,0.014000822795055,0.1243581320159137,0.1301001757383346,0.0
5,50,EPD-FF,6,0.0501142696312975,0.910032070579534,0.4384852309957571,2.132277011871338,0.0260069011667668,0.224460845347494,0.2502999268472194,0.0
5,50,RA-LNS,6,0.0175945244034654,0.9238276840363204,0.4507850049473018,5.461289999075234,3.641536340862836,113.5616809502244,113.96569991484284,1.0
5,50,RG,6,0.050749691865831,0.9226497202754804,0.4488074509182095,2.2209660038352013,0.0375796923806839,0.374010936357081,0.3849999047815799,0.0
5,50,Std-LNS,6,0.1055945244034654,0.9238276840363204,0.4507850049473018,5.188225499121472,3.641536340862836,113.5616809502244,113.96569991484284,1.0
5,50,DG,7,0.1407787359304482,0.996035985863572,0.4760651756952163,2.0813869992271066,0.0131801111299254,0.1252150232903659,0.1267001498490572,0.0
5,50,EPD-FF,7,0.0846082746974388,0.974054384597536,0.4721023359560289,2.1420380221679807,0.0296040507463227,0.2378540625795722,0.2530999481678009,0.0
5,50,RA-LNS,7,0.0579140636406844,0.996574962043874,0.4791121056918886,5.413443001452833,3.7323071063972577,112.88782196119428,114.543299889192,1.0
5,50,RG,7,0.1126012485883154,0.9908995911910152,0.47723696388805,2.2242810162715614,0.0424741295288795,0.3626520838588477,0.3777001984417438,0.0
5,50,Std-LNS,7,0.1459140636406845,0.996574962043874,0.4791121056918886,5.142770851380192,3.7323071063972577,112.88782196119428,114.543299889192,1.0
5,50,DG,8,0.1077865455436212,0.9656568450960824,0.4627400178113675,2.079863998107612,0.0151770599545244,0.1316500664688649,0.1761999446898698,0.0
5,50,EPD-FF,8,0.0650992400788066,0.9480482774517024,0.4569783485539823,2.1395439938642085,0.0282589099487547,0.2250709664076567,0.2419999800622463,0.0
5,50,RA-LNS,8,0.0312701575950368,0.964554059868044,0.4658536304073597,5.732432974036783,3.5196522291222347,113.13947208458558,113.88910003006458,1.0
5,50,RG,8,0.0791865487253277,0.9603898435432164,0.4643667446614921,2.228698004502803,0.0450976820823555,0.3758740681223572,0.3832001239061355,0.0
5,50,Std-LNS,8,0.1192701575950369,0.964554059868044,0.4658536304073597,5.445811325334944,3.5196522291222347,113.13947208458558,113.88910003006458,1.0
5,50,DG,9,0.0498235218407603,0.8886674203871783,0.4251342012686558,2.080018995795399,0.014463146046854,0.1340762013569475,0.1514998730272054,0.0
5,50,EPD-FF,9,0.0356690121024486,0.86701651074291,0.4282764752225813,2.130045998375863,0.022032358023975,0.1894169277511538,0.2208000514656305,0.0
5,50,RA-LNS,9,0.0048979189253839,0.884535963760769,0.4282366171792266,4.663611999712884,3.168648107810615,110.7615238800645,113.38740005157888,1.0
5,50,RG,9,0.0269563452707854,0.8847467969589764,0.4261740228702569,2.225058998912573,0.0400694979243963,0.3647018666379154,0.364899868145585,0.0
5,50,Std-LNS,9,0.092897918925384,0.884535963760769,0.4282366171792266,4.43043139972724,3.168648107810615,110.7615238800645,113.38740005157888,1.0
5,50,DG,10,0.2669581702005755,1.068757503091262,0.5132291525100906,2.0809039874002337,0.0162497383531473,0.1327121909707787,0.1735000405460596,0.0
5,50,EPD-FF,10,0.1772642837039121,1.0408655431677971,0.5146508958272168,2.1576950028538704,0.0292922731479743,0.2504650410264732,0.2965000458061695,0.0
5,50,RA-LNS,10,0.1618960332524598,1.0859815218530735,0.526455390295233,4.329238974023596,3.03371166207918,111.0137508250773,112.07809997722508,1.0
5,50,RG,10,0.2386818392886831,1.066402041934515,0.515229900930866,2.2277950034476817,0.0532136502267478,0.3834538860246546,0.5076001398265362,0.0
5,50,Std-LNS,10,0.2498960332524599,1.0859815218530735,0.526455390295233,4.1127770253224165,3.03371166207918,111.0137508250773,112.07809997722508,1.0
5,50,DG,11,0.1920282325197107,1.0230324410074891,0.4914963004853976,2.084477006457746,0.0160645621129898,0.1327141933143139,0.1340999733656644,0.0
5,50,EPD-FF,11,0.121515113988179,0.997158788930319,0.4914892635282545,2.150717990472913,0.033849774625933,0.2596089965663851,0.2703999634832144,0.0
5,50,RA-LNS,11,0.0750137309296958,1.0237743472423515,0.4967452033769433,5.168717005290077,3.505794939395954,113.53462405735628,114.39829994924366,1.0
5,50,RG,11,0.1512166799474882,1.013404742554539,0.4932648426352702,2.2358550135977566,0.0527548489272503,0.3734800429083411,0.4606000147759914,0.0
5,50,Std-LNS,11,0.1630137309296959,1.0237743472423515,0.4967452033769433,4.910281155025573,3.505794939395954,113.53462405735628,114.39829994924366,1.0
5,50,DG,12,0.0219405871533731,0.8486604074880052,0.4097041289620266,2.082356014754623,0.0144433841621894,0.1353229838423431,0.1376001164317131,0.0
5,50,EPD-FF,12,0.0293670700816211,0.8293288658799398,0.4143774283032883,2.1316680246964097,0.0303321147440732,0.2162170154042544,0.2575002145022154,0.0
5,50,RA-LNS,12,-0.0012991727270185,0.8430081526798248,0.4145097780034614,5.0787599966861166,3.287303698622292,114.06389103503898,114.66690013185143,1.0
5,50,RG,12,0.0088466552394274,0.8428631046962639,0.411750078134984,2.2242619916796684,0.0429172957977152,0.3771289554424588,0.4592000041157007,0.0
5,50,Std-LNS,12,0.0867008272729814,0.8430081526798248,0.4145097780034614,4.824821996851811,3.287303698622292,114.06389103503898,114.66690013185143,1.0
5,50,DG,13,0.1926385531664017,1.0271718756959607,0.4964594422538848,2.0832939939573407,0.0157433905421485,0.1223949994891882,0.1417000312358141,0.0
5,50,EPD-FF,13,0.1319442724458203,1.004033015079178,0.4967351822761891,2.1530299824662507,0.0336306536026229,0.2615068922750653,0.2918997779488563,0.0
5,50,RA-LNS,13,0.0778380464801288,1.0278562848863646,0.4968889702871055,4.727262007072554,3.3309397199348934,111.67036097962412,116.70560017228128,1.0
5,50,RG,13,0.1582005193852222,1.0205356210698628,0.4954740609342358,2.2184920012950897,0.0332842256195303,0.3288108250126244,0.359599944204092,0.0
5,50,Std-LNS,13,0.1658380464801289,1.0278562848863646,0.4968889702871055,4.490898906718926,3.3309397199348934,111.67036097962412,116.70560017228128,1.0
5,50,DG,14,0.1118495372773056,0.961527984278202,0.4623764435031595,2.0810870085842907,0.0154342017426446,0.1371039962396025,0.1374999992549419,0.0
5,50,EPD-FF,14,0.0713059386433999,0.940570002475806,0.4590483354789962,2.1424739975482225,0.0356416805990967,0.2462228946387769,0.2782000228762626,0.0
5,50,RA-LNS,14,0.0401685456087429,0.9592539895144152,0.4708807257500786,6.01609100587666,3.83320690602422,113.36665800306947,114.97620004229248,1.0
5,50,RG,14,0.074821649076744,0.9519394648186748,0.4654001565849376,2.221740985289216,0.0338552074379567,0.3597068297676743,0.3802001010626554,0.0
5,50,Std-LNS,14,0.128168545608743,0.9592539895144152,0.4708807257500786,5.715286455582827,3.83320690602422,113.36665800306947,114.97620004229248,1.0
5,50,DG,15,0.0204060666702649,0.8397005407437855,0.4031317960643291,2.080545987002552,0.0142930212830097,0.12654002988711,0.1403999049216509,0.0
5,50,EPD-FF,15,0.0330180692372641,0.8039910540886415,0.3989325406164933,2.124906005803496,0.0260582208987914,0.2040800382383168,0.2218999434262514,0.0
5,50,RA-LNS,15,-0.0007353347768413,0.8374988807468631,0.4043025626082385,5.934000003617257,3.409422709749082,112.5993779813871,114.2009999603033,1.0
5,50,RG,15,0.0097010611280863,0.8373967740629061,0.4034869704150073,2.230732013005764,0.0446099706287683,0.368703012354672,0.3788999747484922,0.0
5,50,Std-LNS,15,0.0872646652231586,0.8374988807468631,0.4043025626082385,5.637300003436394,3.409422709749082,112.5993779813871,114.2009999603033,1.0
5,50,DG,16,0.253984497025206,1.066448863815627,0.5125753849204538,2.081243000458926,0.0153645714383259,0.1278830412775278,0.1360999885946512,0.0
5,50,EPD-FF,16,0.1698987897551364,1.0439800925650216,0.5097171104030902,2.1572139956988394,0.0390540523915159,0.3055829950608314,0.3236997872591018,0.0
5,50,RA-LNS,16,0.1218071549948586,1.074566779894947,0.5208916635555317,4.025953004602343,3.190051216847179,112.0212709484622,114.36470015905796,1.0
5,50,RG,16,0.2192719663832788,1.0571724399403784,0.5132178682469468,2.220415990334004,0.0417786863197035,0.3719689231365919,0.3788000904023647,0.0
5,50,Std-LNS,16,0.2098071549948587,1.074566779894947,0.5208916635555317,3.8246553543722257,3.190051216847179,112.0212709484622,114.36470015905796,1.0
5,50,DG,17,0.0720043179147793,0.9242480846396798,0.4435378851229602,2.082090990617872,0.0150443861691829,0.1264099148102105,0.1372999977320432,0.0
5,50,EPD-FF,17,0.0450504925415142,0.8977572741553148,0.441147122114047,2.131395992357284,0.0216084116884315,0.2051608171314001,0.2111999783664941,0.0
5,50,RA-LNS,17,0.0107772110058682,0.9211235177702708,0.4453205423752828,6.100651009473964,3.426276826783308,112.98230986576527,116.19090009480716,1.0
5,50,RG,17,0.0450660353021434,0.9204786132616418,0.4441461907936084,2.2271540090441704,0.0534326621866783,0.422108180355281,0.4922000225633383,0.0
5,50,Std-LNS,17,0.0987772110058683,0.9211235177702708,0.4453205423752828,5.7956184590002655,3.426276826783308,112.98230986576527,116.19090009480716,1.0
5,50,DG,18,0.0689178392158001,0.9173250107272736,0.4433564061956814,2.0810279976576567,0.0146256680227123,0.1292819366790355,0.1473000738769769,0.0
5,50,EPD-FF,18,0.0420027019420208,0.9033002681515672,0.4432979075113294,2.13269598595798,0.0265289962277882,0.2317350148223341,0.2549998462200165,0.0
5,50,RA-LNS,18,0.0073224221111459,0.9108292236116928,0.4452432205399294,5.503154003527016,3.663068282801895,113.25092994142324,113.2835999596864,1.0
5,50,RG,18,0.0362062177175714,0.9094453577183396,0.4423585127638539,2.229977997951209,0.0481316947290064,0.3928040759637955,0.4625001456588506,0.0
5,50,Std-LNS,18,0.095322422111146,0.9108292236116928,0.4452432205399294,5.227996303350666,3.663068282801895,113.25092994142324,113.2835999596864,1.0
5,50,DG,19,0.0098388006161332,0.8016327414508225,0.3842003116302846,2.0842390046454966,0.017291324609527,0.1375059993006289,0.1381000038236379,0.0
5,50,EPD-FF,19,0.0278114269631297,0.7822806775413151,0.3834563742731736,2.122412994969636,0.025720861338344,0.2067430596798659,0.2308001276105642,0.0
5,50,RA-LNS,19,-0.0036160341222922,0.7971733498318594,0.390485162150096,5.663991011679158,3.5606726490735694,115.1573911937885,115.94849987886846,1.0
5,50,RG,19,-0.0005703835768787,0.7946277437295444,0.3864793747292749,2.228524988051504,0.053286334257916,0.4500899347476662,0.459000002592802,0.0
5,50,Std-LNS,19,0.0843839658777078,0.7971733498318594,0.390485162150096,5.380791461095201,3.5606726490735694,115.1573911937885,115.94849987886846,1.0
5,50,DG,20,0.2259794982084805,1.0406573383279427,0.5063991863857358,2.0811560032889247,0.015659292469149,0.1329279644414782,0.1356999855488538,0.0
5,50,EPD-FF,20,0.1630888826343936,1.020925447570272,0.50661576380471,2.146075014490634,0.0284092692465831,0.2341310330666602,0.2569998614490032,0.0
5,50,RA-LNS,20,0.101329585804331,1.046604572989898,0.5138785010456077,4.8993550054728985,3.5787693994611547,112.57638809271158,114.9610998108983,1.0
5,50,RG,20,0.1958501006093891,1.0337738606621456,0.508526740517447,2.2220639982260764,0.0452204164544646,0.3741390421055264,0.5066997837275267,0.0
5,50,Std-LNS,20,0.1893295858043311,1.046604572989898,0.5138785010456077,4.654387255199254,3.5787693994611547,112.57638809271158,114.9610998108983,1.0
5,50,DG,21,0.133367699506346,0.9830359250558348,0.4703383742275586,2.0810730108059943,0.0164487264909571,0.1353199826553464,0.1372999977320432,0.0
5,50,EPD-FF,21,0.1084985083028427,0.9599259986221292,0.4751250922364878,2.1458080182783306,0.0338115604115438,0.2427171007730068,0.2642001491039991,0.0
5,50,RA-LNS,21,0.0458120509100624,0.974287914101982,0.4741478759751543,5.258855996653438,3.889065503591736,113.52846393594518,113.87140001170336,1.0
5,50,RG,21,0.0970176281408187,0.9710485627547394,0.4696009161792883,2.224027989897877,0.0402794628938575,0.3689529001712799,0.3742000553756952,0.0
5,50,Std-LNS,21,0.1338120509100624,0.974287914101982,0.4741478759751543,4.995913196820766,3.889065503591736,113.52846393594518,113.87140001170336,1.0
5,50,DG,22,0.1456438633712118,0.9906587195370812,0.4771528362119847,2.0813749758526683,0.0160214139820667,0.1322090742178261,0.1330999657511711,0.0
5,50,EPD-FF,22,0.0910213340838728,0.9650114319082482,0.4749938431644658,2.1443050079979,0.025571130013013,0.2203651634044945,0.2268000971525907,0.0
5,50,RA-LNS,22,0.0586162981786324,0.9903208033716356,0.4857541754128804,5.420266995206475,3.664508688030974,115.33683798741548,115.43960007838903,1.0
5,50,RG,22,0.1024969702528707,0.9796360371640556,0.4795166830439059,2.2215300034731627,0.0372354959843612,0.368097007740289,0.3776999656111002,0.0
5,50,Std-LNS,22,0.1466162981786325,0.9903208033716356,0.4857541754128804,5.149253645446152,3.664508688030974,115.33683798741548,115.43960007838903,1.0
5,50,DG,23,0.1709285758769725,1.0146184842119157,0.4869955315445904,2.0815740088000894,0.0152553803560666,0.1398680172860623,0.1565001439303159,0.0
5,50,EPD-FF,23,0.1051332395159019,0.9913841585154906,0.4825802557690808,2.145526975393296,0.0298556967357286,0.2397199627012015,0.2516000531613827,0.0
5,50,RA-LNS,23,0.0697034025989357,1.017049524735736,0.4888098906758353,5.0939579983242,3.3063440990850563,111.32683807285504,112.89480002596974,1.0
5,50,RG,23,0.1410381054478121,1.009524475955888,0.4869020997297553,2.225823004730046,0.0545163918493737,0.3842768887989231,0.5304999649524689,0.0
5,50,Std-LNS,23,0.1577034025989357,1.017049524735736,0.4888098906758353,4.83926009840799,3.3063440990850563,111.32683807285504,112.89480002596974,1.0
5,50,DG,24,0.1007765769730587,0.940687298380431,0.4494020891406864,2.081159002147615,0.0157210675068495,0.1298040547408164,0.1499999780207872,0.0
5,50,EPD-FF,24,0.0574480157613285,0.9163298893803656,0.4459853989989646,2.1363109867088497,0.028773760967513,0.2341011492535473,0.2639000304043293,0.0
5,50,RA-LNS,24,0.0232944134998027,0.9382942586975358,0.451930275186752,5.534095000475645,3.536728861565261,112.33172912849112,112.74049989879131,1.0
5,50,RG,24,0.0628042445123454,0.9347410598213524,0.4482875196800902,2.228854001034051,0.0480678388846001,0.3763439552858472,0.3806999884545803,0.0
5,50,Std-LNS,24,0.1112944134998027,0.9382942586975358,0.451930275186752,5.257390250451863,3.536728861565261,112.33172912849112,112.74049989879131,1.0
5,50,DG,25,0.047260175124659,0.8888981513801326,0.4240203106864801,2.078235992696136,0.0118585725636271,0.1279651559889316,0.1343998592346906,0.0
5,50,EPD-FF,25,0.0341451168027019,0.8639864095499945,0.4277405308518823,2.130031993612647,0.0241785803214777,0.2095270808786153,0.2121999859809875,0.0
5,50,RA-LNS,25,0.0021402387690625,0.8796653528538134,0.430527842017519,4.990837015211582,3.618616588571346,114.2740900372155,114.44139992818236,1.0
5,50,RG,25,0.0209940780912304,0.8792202434018214,0.4274974621722641,2.2258470095694065,0.0452658766266613,0.377644188702107,0.47109997831285,0.0
5,50,Std-LNS,25,0.0901402387690626,0.8796653528538134,0.430527842017519,4.741295164451003,3.618616588571346,114.2740900372155,114.44139992818236,1.0
5,50,DG,26,0.1693766176611017,1.012459769319808,0.4859598816128215,2.0820270041003823,0.0183138759210951,0.1378908846527339,0.1666999887675047,0.0
5,50,EPD-FF,26,0.1161973543484378,0.994347113927768,0.4847940362525063,2.150515993591398,0.0345185147983946,0.2471450157463552,0.2812999300658703,0.0
5,50,RA-LNS,26,0.07198438339738,1.0125632182072422,0.4904330063152053,5.157751990482197,3.400547363615016,112.29550003539772,113.39440010488032,1.0
5,50,RG,26,0.1240428578799223,1.0037117326144789,0.4873899983202867,2.2204800117760897,0.0352256159133352,0.3528020065277816,0.382700003683567,0.0
5,50,Std-LNS,26,0.1599843833973801,1.0125632182072422,0.4904330063152053,4.899864390958087,3.400547363615016,112.29550003539772,113.39440010488032,1.0
5,50,DG,27,0.1675282179882669,1.0088851865310324,0.4900711031904089,2.082753994502127,0.0233748661351118,0.1420980249531573,0.2607000060379505,0.0
5,50,EPD-FF,27,0.1045935265972418,0.9904920234894032,0.4834432481340958,2.1477290084585547,0.0387767868574787,0.3015998494811358,0.3312998451292515,0.0
5,50,RA-LNS,27,0.0744550187790657,1.0097173010170453,0.4965109848558925,4.6467920090072,3.394940820224753,110.41569500463083,111.97940004058182,1.0
5,50,RG,27,0.1243771906189627,1.001087268121839,0.4918062501377697,2.217217004392296,0.0349013250006484,0.3378531243652107,0.3728000447154045,0.0
5,50,Std-LNS,27,0.1624550187790658,1.0097173010170453,0.4965109848558925,4.41445240855684,3.394940820224753,110.41569500463083,111.97940004058182,1.0
5,50,DG,28,0.2188125900430546,1.0357078032647702,0.4963378199770389,2.0794130004942417,0.0141045662182324,0.1366438786499202,0.1410001423209905,0.0
5,50,EPD-FF,28,0.1475483253588516,1.0149204323674168,0.5000318817715713,2.1654119859449565,0.0396139753460152,0.267353050876409,0.3121998161077499,0.0
5,50,RA-LNS,28,0.0947685623840869,1.041758159125546,0.5006493930199203,4.908637979533523,3.6717907065935904,114.5775668253191,117.30669997632504,1.0
5,50,RG,28,0.1720010318911699,1.028949665422732,0.4956396420923382,2.228072004392743,0.0584791244523508,0.3614120511338131,0.6695000920444727,0.0
5,50,Std-LNS,28,0.182768562384087,1.041758159125546,0.5006493930199203,4.663206080556847,3.6717907065935904,114.5775668253191,117.30669997632504,1.0
5,50,DG,29,0.0661452397065477,0.9164814502554062,0.4413983327519503,2.078476006165147,0.0112293151812235,0.1261929119937122,0.135399866849184,0.0
5,50,EPD-FF,29,0.0427011539544047,0.9034379045872292,0.4449348507019109,2.134258004836738,0.0239724778323154,0.2186700329184532,0.225599855184555,0.0
5,50,RA-LNS,29,0.0121201704871995,0.9116825025355936,0.4438495403285335,5.488846993539482,3.83071830106962,113.72204503044486,113.82550001144408,1.0
5,50,RG,29,0.0411654866800046,0.910788695514062,0.4425478635566006,2.228705001063645,0.0490916781917436,0.3806050959974531,0.4602998960763216,0.0
5,50,Std-LNS,29,0.1001201704871996,0.9116825025355936,0.4438495403285335,5.214404643862508,3.83071830106962,113.72204503044486,113.82550001144408,1.0
10,100,DG,0,0.1339736666666667,0.9763411364578726,0.4692280635247625,2.170838984195143,0.0362170207567467,0.2511421637609601,0.2552999649196863,0.0
10,100,EPD-FF,0,0.0830993333333333,0.948569613489488,0.4714379733064928,2.410940011497587,0.0701350049920916,0.681823175400496,0.7731998339295387,0.0
10,100,RA-LNS,0,0.04872325,0.9681898274594138,0.4767018461752434,5.852920985780656,4.812051537429946,121.96340884780513,126.0629000607878,1.0
10,100,RG,0,0.0995883333333332,0.9580188182550708,0.4743682104292967,2.444080005399883,0.081754072543692,0.740423153620214,0.8912000339478254,0.0
10,100,Std-LNS,0,0.14172325,0.9681898274594138,0.4767018461752434,5.560274936491624,4.812051537429946,121.96340884780513,126.0629000607878,1.0
10,100,DG,1,0.1540136666666667,0.9841605100351692,0.4712514689510172,2.1628610072657466,0.0291245272276834,0.2636221423745156,0.2856000792235136,0.0
10,100,EPD-FF,1,0.0982493333333333,0.9607919117551154,0.4696416075776236,2.4134470084682107,0.0762081268191466,0.6923800287768248,0.7597000803798437,0.0
10,100,RA-LNS,1,0.05666825,0.9802850389598436,0.4755196374798316,6.213374026119723,6.065360083796894,125.32061402220285,134.06369998119771,1.0
10,100,RG,1,0.1132083333333332,0.9679932286798508,0.4731255080237676,2.454414994455874,0.0772523633869429,0.7324271020479501,0.7449998520314693,0.0
10,100,Std-LNS,1,0.14966825,0.9802850389598436,0.4755196374798316,5.902705324813737,6.065360083796894,125.32061402220285,134.06369998119771,1.0
10,100,DG,2,0.0384236666666667,0.8579533119369112,0.4086182868148642,2.161163995508105,0.0313950070661152,0.2585639851167802,0.3441001754254102,0.0
10,100,EPD-FF,2,0.0493593333333333,0.8060100077818768,0.4060581907272469,2.3651700098998845,0.0683312337642356,0.57244693627581,0.5771000869572163,0.0
10,100,RA-LNS,2,0.02253825,0.8502188695721964,0.4125364932783693,7.988046007230878,6.079428888938866,123.66937485523523,125.51819998770952,1.0
10,100,RG,2,0.0394683333333333,0.8458690822860058,0.4104609062502977,2.4403029824607074,0.0733915987675602,0.7233778038062156,0.750900013372302,0.0
10,100,Std-LNS,2,0.11553825,0.8502188695721964,0.4125364932783693,7.588643706869334,6.079428888938866,123.66937485523523,125.51819998770952,1.0
10,100,DG,3,0.1039236666666665,0.9439846996372132,0.4513909219345504,2.158776002936065,0.0275259607706939,0.2639498002827167,0.2689000684767961,0.0
10,100,EPD-FF,3,0.0639993333333333,0.9148933514811414,0.4478707435504422,2.392935008276254,0.0716191032557075,0.6502650561742487,0.6962998304516077,0.0
10,100,RA-LNS,3,0.03596825,0.9369381258057752,0.4568514634268017,6.644647992216036,5.435814165479085,122.23220608429985,122.56939988583326,1.0
10,100,RG,3,0.0756283333333333,0.9299393200856572,0.4547629173366296,2.444264004472643,0.0840770230740799,0.7353511266410351,0.7404000498354435,0.0
10,100,Std-LNS,3,0.12896825,0.9369381258057752,0.4568514634268017,6.312415592605234,5.435814165479085,122.23220608429985,122.56939988583326,1.0
10,100,DG,4,0.2240336666666667,1.035451597393879,0.4968136276106061,2.161364001687616,0.0305447596788284,0.2623790199868381,0.2702001947909593,0.0
10,100,EPD-FF,4,0.1515193333333332,1.011907978296743,0.494545186296472,2.4422800126485527,0.0711500838694924,0.7060590176843109,0.7515000179409981,0.0
10,100,RA-LNS,4,0.0899107499999999,1.0388004317063686,0.5024204643170403,5.586026986129582,3.913252834092969,115.93098407145592,119.23599988222122,1.0
10,100,RG,4,0.1764383333333333,1.019720101406654,0.499666460345304,2.4312509880401194,0.0635642840253713,0.6998120853677394,0.7505000103265047,0.0
10,100,Std-LNS,4,0.1829107499999999,1.0388004317063686,0.5024204643170403,5.306725636823103,3.913252834092969,115.93098407145592,119.23599988222122,1.0
10,100,DG,5,0.1409536666666667,0.9793146225273052,0.4722315070846373,2.161252000834793,0.0314464579315157,0.2512590447440747,0.3164999652653932,0.0
10,100,EPD-FF,5,0.0795393333333333,0.9570561036113904,0.4709961663815719,2.4198970086872578,0.0722374458293235,0.6189510528929535,0.6735001225024462,0.0
10,100,RA-LNS,5,0.04728325,0.973536996338706,0.4750638266681211,5.898718002717942,5.285972978603822,120.70485814008862,121.98769999668002,1.0
10,100,RG,5,0.1035983333333333,0.9638277926214992,0.4727788349509205,2.451518995687365,0.0869124776887873,0.7421119464561343,0.7432999555021524,0.0
10,100,Std-LNS,5,0.14028325,0.973536996338706,0.4750638266681211,5.603782102582045,5.285972978603822,120.70485814008862,121.98769999668002,1.0
10,100,DG,6,0.0544136666666667,0.8843591615154643,0.4216821475095883,2.1583910128101707,0.0271672821247211,0.2512780460529032,0.3184000961482525,0.0
10,100,EPD-FF,6,0.0498193333333333,0.8424313780809392,0.4126105422531123,2.3735579922795296,0.0698281573062312,0.5659850011579692,0.5743999499827623,0.0
10,100,RA-LNS,6,0.02429075,0.8759124977043268,0.4276661721212955,6.685935012064874,6.793795501556539,125.6164309266024,137.64799991622567,1.0
10,100,RG,6,0.0467483333333333,0.8714224745207,0.4254753600307373,2.465144996996969,0.1044616305558362,0.7927228673361242,0.7949999999254942,0.0
10,100,Std-LNS,6,0.11729075,0.8759124977043268,0.4276661721212955,6.351638261461631,6.793795501556539,125.6164309266024,137.64799991622567,1.0
10,100,DG,7,0.1407436666666667,0.9737673474432862,0.4685095480942566,2.161264985799789,0.0319527819780785,0.2668690471909944,0.3430000506341457,0.0
10,100,EPD-FF,7,0.0848693333333333,0.9491833524315552,0.4712335391179372,2.426520996261388,0.0954436579858928,0.7808630028739576,0.8564000017940998,0.0
10,100,RA-LNS,7,0.0513657499999999,0.971294238928242,0.4720779997912829,5.679520014673486,4.395418899549546,119.24424414290117,119.70400018617512,1.0
10,100,RG,7,0.1099183333333333,0.9619559121000856,0.4705653275863287,2.4611410084180534,0.1004139345382307,0.7436561700887991,0.9967000223696232,0.0
10,100,Std-LNS,7,0.1443657499999999,0.971294238928242,0.4720779997912829,5.395544013939811,4.395418899549546,119.24424414290117,119.70400018617512,1.0
10,100,DG,8,0.1048036666666666,0.9489851891967231,0.4550502829983284,2.166864993516356,0.0347592574633755,0.2826210530474784,0.3243000246584415,0.0
10,100,EPD-FF,8,0.0664793333333333,0.919685412690181,0.4620965549305904,2.410537989810109,0.0673488703443916,0.671208987478167,0.7117001805454493,0.0
10,100,RA-LNS,8,0.03862575,0.9399252813843324,0.4610530550749685,6.520368992350996,5.3219700850118405,122.22094187280165,124.23479999415576,1.0
10,100,RG,8,0.0771383333333333,0.9322948007071798,0.4585567108090692,2.4862410156056285,0.116926695595606,0.8025359292514631,0.9645000100135804,0.0
10,100,Std-LNS,8,0.13162575,0.9399252813843324,0.4610530550749685,6.194350542733447,5.3219700850118405,122.22094187280165,124.23479999415576,1.0
10,100,DG,9,0.1529136666666667,0.9852612993670152,0.4735806227382906,2.1612299866974354,0.0274687844717213,0.2581988717429341,0.2779001370072365,0.0
10,100,EPD-FF,9,0.0952293333333333,0.963508315327982,0.4700630017701361,2.429035993292928,0.0910817352719682,0.7710059313103558,0.8012999314814806,0.0
10,100,RA-LNS,9,0.05735075,0.982164219991226,0.478136758111393,4.866169001907124,4.4275951068994015,119.1457760706544,119.85619994811714,1.0
10,100,RG,9,0.1137783333333333,0.9712221654026472,0.4762648054630822,2.447229996789247,0.0768662853429066,0.739583040121943,0.777499983087182,0.0
10,100,Std-LNS,9,0.15035075,0.982164219991226,0.478136758111393,4.622860551811768,4.4275951068994015,119.1457760706544,119.85619994811714,1.0
10,100,DG,10,0.2166636666666666,1.029852419723413,0.4961759916122682,2.1659009768627584,0.0328023632377514,0.252641944680363,0.2667000517249107,0.0
10,100,EPD-FF,10,0.1402593333333333,1.0038207233380374,0.498152095585283,2.4689170024357736,0.1023427284715438,0.7846781495027246,0.8320000488311052,0.0
10,100,RA-LNS,10,0.08557825,1.0328696899306324,0.5011925291014436,4.602570990100503,2.9925418462562465,112.78549496550112,113.33939991891384,1.0
10,100,RG,10,0.1692383333333333,1.0151104235353885,0.4978804808821915,2.454162007663399,0.1075029808839029,0.9344080090522768,0.9846999309957029,0.0
10,100,Std-LNS,10,0.17857825,1.0328696899306324,0.5011925291014436,4.372442440595478,2.9925418462562465,112.78549496550112,113.33939991891384,1.0
10,100,DG,11,0.2138936666666667,1.0266138218845495,0.4925729821439567,2.163156990893185,0.0325889460919077,0.2604478830471639,0.3444000612944364,0.0
10,100,EPD-FF,11,0.1469893333333332,1.0030675450705877,0.4937566907996631,2.4740280052646995,0.1164726482920258,0.8694758685305715,0.8769999258220196,0.0
10,100,RA-LNS,11,0.08853575,1.0293811965745718,0.5003226346969217,5.312507993075997,5.2407944601787,130.37369692232463,133.65030009299517,1.0
10,100,RG,11,0.1622183333333332,1.0093652132525326,0.4956813079857501,2.441741014365107,0.0695314493031009,0.6967470631934705,0.7410000544041395,0.0
10,100,Std-LNS,11,0.18153575,1.0293811965745718,0.5003226346969217,5.046882593422197,5.2407944601787,130.37369692232463,133.65030009299517,1.0
10,100,DG,12,0.1274036666666667,0.9630360935045352,0.4652243608485438,2.165683012455702,0.0327818667883201,0.2647599205374718,0.2806000411510467,0.0
10,100,EPD-FF,12,0.0767693333333333,0.94196512492767,0.4663594354171242,2.433774997945875,0.0887246211549155,0.6919850269332529,0.7201998960226774,0.0
10,100,RA-LNS,12,0.0448007499999999,0.959740030262041,0.4698212409604158,6.371431003790363,5.781958336034349,123.66379005834465,131.37489999644458,1.0
10,100,RG,12,0.0972683333333333,0.9507529881875092,0.467673064694084,2.445119997020811,0.0752077399771653,0.7213191338814796,0.7330998778343201,0.0
10,100,Std-LNS,12,0.1378007499999999,0.959740030262041,0.4698212409604158,6.052859453600845,5.781958336034349,123.66379005834465,131.37489999644458,1.0
10,100,DG,13,0.2155236666666667,1.029679035938519,0.4930810199227229,2.1602760143578053,0.0288471311785906,0.2599130012094974,0.261200126260519,0.0
10,100,EPD-FF,13,0.1427293333333333,1.000819156377285,0.4954197251930058,2.449933991767466,0.0846922851613686,0.7157050934620202,0.7261000573635101,0.0
10,100,RA-LNS,13,0.09068325,1.033344625361249,0.4991358909719478,4.680908985901624,3.401816044826856,114.25194585230204,116.17709998972714,1.0
10,100,RG,13,0.1706883333333332,1.0145711059622315,0.4939350821166395,2.443271999247372,0.0914517222130273,0.740938037633897,0.952600035816431,0.0
10,100,Std-LNS,13,0.18368325,1.033344625361249,0.4991358909719478,4.446863536606543,3.401816044826856,114.25194585230204,116.17709998972714,1.0
10,100,DG,14,0.1971036666666666,1.0165387215305173,0.489783378302866,2.1624809950590134,0.0307787268742995,0.2636031433939934,0.2639000304043293,0.0
10,100,EPD-FF,14,0.1184393333333333,0.990002534152724,0.4890940339846646,2.451080985367298,0.0981503146486852,0.765270884148777,0.8614000398665667,0.0
10,100,RA-LNS,14,0.0754607499999999,1.01732258656147,0.4901675231986655,5.212225983850658,4.914911101431634,121.40848392155024,127.11920007131994,1.0
10,100,RG,14,0.1524783333333333,1.0025888551706388,0.4881920941201989,2.4522199905477464,0.0921474215663039,0.7432001782581215,0.8322999347001314,0.0
10,100,Std-LNS,14,0.1684607499999999,1.01732258656147,0.4901675231986655,4.951614684658125,4.914911101431634,121.40848392155024,127.11920007131994,1.0
10,100,DG,15,0.0423436666666667,0.8681151437878901,0.416266822084095,2.156221005599946,0.0203881630991198,0.2293630014173686,0.2356001641601324,0.0
10,100,EPD-FF,15,0.0525893333333333,0.8289559235612317,0.4125557614352867,2.3675339883193374,0.0626141733112471,0.5341709894128146,0.5807999987155199,0.0
10,100,RA-LNS,15,0.02347825,0.8594575688518725,0.4205346494341559,7.8900599968619645,6.27063197192162,122.94290387071672,128.3288998529315,1.0
10,100,RG,15,0.0432083333333333,0.8559720154010949,0.4182211923344688,2.4571949993260205,0.0982068377747133,0.7434421684592974,0.9752998594194652,0.0
10,100,Std-LNS,15,0.11647825,0.8594575688518725,0.4205346494341559,7.495556997018866,6.27063197192162,122.94290387071672,128.3288998529315,1.0
10,100,DG,16,0.1486136666666667,0.9785801237593832,0.4705112211411916,2.162311987951398,0.0317228017706605,0.2649280335754159,0.327100045979023,0.0
10,100,EPD-FF,16,0.0791893333333333,0.95590823747722,0.4717118934342001,2.424516994971782,0.0767814898283337,0.6879088818095626,0.6986998487263918,0.0
10,100,RA-LNS,16,0.04992075,0.9778223668302244,0.4719610667684947,5.768656989093884,4.8160236083898855,123.78040390089154,123.90949996188284,1.0
10,100,RG,16,0.1094283333333333,0.9682634464693066,0.4709388052921883,2.4607419832609594,0.1129312300385255,0.7854239130392681,0.9858000557869672,0.0
10,100,Std-LNS,16,0.14292075,0.9778223668302244,0.4719610667684947,5.48022413963919,4.8160236083898855,123.78040390089154,123.90949996188284,1.0
10,100,DG,17,0.0628536666666667,0.8923439510068505,0.4308541908189851,2.1657739910297096,0.0345606383111984,0.2773418975993994,0.3409001510590315,0.0
10,100,EPD-FF,17,0.0530193333333332,0.8578763042476623,0.4282582829166436,2.3753860015422106,0.0699027068505664,0.6148209096863867,0.6268001161515713,0.0
10,100,RA-LNS,17,0.0253032499999999,0.8849094597371896,0.4353552658562662,6.525197010487318,6.512860327754669,129.36632014578208,129.87320008687675,1.0
10,100,RG,17,0.0515983333333333,0.8812536054838843,0.4332627053013364,2.446897998917848,0.0929308133406684,0.8759150351397693,0.8774001616984606,0.0
10,100,Std-LNS,17,0.1183032499999999,0.8849094597371896,0.4353552658562662,6.198937159962952,6.512860327754669,129.36632014578208,129.87320008687675,1.0
10,100,DG,18,0.0945336666666666,0.9394288978682266,0.450498187695614,2.1590630086138844,0.0263983233384596,0.2491820324212313,0.2671999391168356,0.0
10,100,EPD-FF,18,0.0612393333333333,0.9076616112188136,0.4480715579802269,2.4082559910602868,0.085204082895726,0.6691978522576396,0.7581000681966543,0.0
10,100,RA-LNS,18,0.03323075,0.930915729656699,0.455581149622031,7.361613013781593,6.600564624583582,125.78033407218756,129.43680002354083,1.0
10,100,RG,18,0.0723983333333333,0.926158789230616,0.4529737934170461,2.4377239919267595,0.0689977978076828,0.7235221518203617,0.755400164052844,0.0
10,100,Std-LNS,18,0.12623075,0.930915729656699,0.455581149622031,6.993532363092513,6.600564624583582,125.78033407218756,129.43680002354083,1.0
10,100,DG,19,0.0349736666666667,0.8486836969815531,0.4105211391810509,2.164835983887315,0.0318526302021402,0.2585388743318618,0.2723000943660736,0.0
10,100,EPD-FF,19,0.0513493333333333,0.8012132467514056,0.4098380480396851,2.3610719880089164,0.0569202260683915,0.5659251147881151,0.5981000140309334,0.0
10,100,RA-LNS,19,0.02210075,0.8423377785142754,0.4136950471781563,7.953137990552918,6.248599859739144,122.85545911639932,128.49440006539226,1.0
10,100,RG,19,0.0370383333333332,0.838549736635019,0.4122486808279058,2.4430390032939613,0.0783604586199502,0.7261351705528797,0.7394999265670776,0.0
10,100,Std-LNS,19,0.11510075,0.8423377785142754,0.4136950471781563,7.555481091025271,6.248599859739144,122.85545911639932,128.49440006539226,1.0
10,100,DG,20,0.1226536666666667,0.9648114723659976,0.4633875555972186,2.160578992217779,0.0298263633149648,0.2584941033273936,0.2677999436855316,0.0
10,100,EPD-FF,20,0.0781093333333332,0.9425743228097564,0.4629151041449471,2.435269004665315,0.1011942825958208,0.7464209804311396,0.7584001868963242,0.0
10,100,RA-LNS,20,0.0455582499999999,0.9584879771712618,0.4677219745555166,5.807825999800116,5.02745276567839,124.21694789780304,128.26090003363788,1.0
10,100,RG,20,0.0918183333333333,0.9491654606491544,0.4651571899008655,2.4711979907006025,0.1277569908194379,0.8253598678857099,1.049100188538432,0.0
10,100,Std-LNS,20,0.1385582499999999,0.9584879771712618,0.4677219745555166,5.51743469981011,5.02745276567839,124.21694789780304,128.26090003363788,1.0
10,100,DG,21,0.1392636666666666,0.9734454043378136,0.4707802910512108,2.159274011384696,0.0317862218568022,0.2593519887886946,0.3436999395489692,0.0
10,100,EPD-FF,21,0.0816593333333332,0.9475181473113216,0.4714682517218114,2.411920994520188,0.0865546284215367,0.8290970232337714,0.8584999013692141,0.0
10,100,RA-LNS,21,0.0472157499999999,0.9684804217011594,0.4751816633144589,5.83178999600932,4.988981676096018,118.87230197899048,130.02979988232255,1.0
10,100,RG,21,0.1001083333333333,0.9602360800754398,0.4733571632965235,2.4398510162718594,0.0813423109198353,0.6883570994250489,0.9216999169439076,0.0
10,100,Std-LNS,21,0.1402157499999999,0.9684804217011594,0.4751816633144589,5.540200496208854,4.988981676096018,118.87230197899048,130.02979988232255,1.0
10,100,DG,22,0.1999736666666667,1.0184386637973175,0.4903525971609802,2.1550710131414235,0.0198974718162795,0.2315889019519091,0.2503001596778631,0.0
10,100,EPD-FF,22,0.1273993333333332,0.9967680063944172,0.4859133996926313,2.445525993127376,0.0991937158774257,0.7434959360398367,1.020299969241023,0.0
10,100,RA-LNS,22,0.07964325,1.018823328637852,0.4970446498686847,5.202509013470262,4.389862903810445,119.39503200352192,119.92289987392724,1.0
10,100,RG,22,0.1503283333333333,1.002094053695459,0.4932555099034258,2.4391400166787207,0.0753063327251201,0.7191600045189261,0.7251000497490168,0.0
10,100,Std-LNS,22,0.17264325,1.018823328637852,0.4970446498686847,4.942383562796749,4.389862903810445,119.39503200352192,119.92289987392724,1.0
10,100,DG,23,0.1807936666666667,1.00589257481774,0.482406305923775,2.157456006854773,0.0268627093686209,0.2600041148252785,0.2603998873382807,0.0
10,100,EPD-FF,23,0.1056393333333332,0.9816085721660688,0.4853769925371908,2.438516999129206,0.0831248851853139,0.7614420866593721,0.8150998037308455,0.0
10,100,RA-LNS,23,0.06970075,1.0079520504987485,0.48823570929452,5.507347006350756,4.252068070605287,120.54426906164736,120.57089991867542,1.0
10,100,RG,23,0.1384283333333333,0.992631517597214,0.4849842601733215,2.448348994832486,0.0895014925406793,0.7891070540063093,0.9877998381853104,0.0
10,100,Std-LNS,23,0.16270075,1.0079520504987485,0.48823570929452,5.231979656033218,4.252068070605287,120.54426906164736,120.57089991867542,1.0
10,100,DG,24,0.1755536666666667,0.9982388819308288,0.4787784058511507,2.1570399897173047,0.0233466097331247,0.2228009491227569,0.252600060775876,0.0
10,100,EPD-FF,24,0.1027993333333333,0.9735505457841702,0.4768587368472686,2.4446870065294206,0.098315637840374,0.7564760488457982,0.8332999423146248,0.0
10,100,RA-LNS,24,0.0627707499999999,0.9968035203105786,0.4818774596885958,5.208624000661075,4.279636447610908,119.43890786496924,124.61739988066256,1.0
10,100,RG,24,0.1304183333333332,0.9848797396347956,0.4808323716300217,2.4471099888905883,0.0810635381020444,0.7268390594981612,0.7405998185276985,0.0
10,100,Std-LNS,24,0.1557707499999999,0.9968035203105786,0.4818774596885958,4.948192800628021,4.279636447610908,119.43890786496924,124.61739988066256,1.0
10,100,DG,25,0.0473436666666667,0.8726122660808803,0.4204876421389499,2.165230010170489,0.0343398462263858,0.2647861489094796,0.3228001296520233,0.0
10,100,EPD-FF,25,0.0519093333333333,0.8198717422316492,0.4141012740191732,2.381167002487928,0.0815432704034846,0.6435348931699991,0.64699980430305,0.0
10,100,RA-LNS,25,0.0232907499999999,0.862819320313344,0.4275877947370635,7.261320997495204,6.163787980682794,123.17344199400397,124.04879997484386,1.0
10,100,RG,25,0.0406183333333332,0.8574633702115109,0.4248596458386451,2.4440819867886603,0.0679367175930188,0.6435340037569409,0.7558001670986414,0.0
10,100,Std-LNS,25,0.1162907499999999,0.862819320313344,0.4275877947370635,6.898254947620444,6.163787980682794,123.17344199400397,124.04879997484386,1.0
10,100,DG,26,0.2109736666666666,1.024758125686719,0.4902248603314142,2.1595610147342086,0.026362632250355,0.248267026618123,0.2548999618738889,0.0
10,100,EPD-FF,26,0.1478993333333333,1.0008393833005194,0.4900892298316709,2.4402629961259663,0.0679054994240331,0.632237151730806,0.695300055667758,0.0
10,100,RA-LNS,26,0.08750575,1.0288819876812767,0.4961924336214418,4.3317400105297565,2.893547514866432,112.98912392929196,113.01130009815095,1.0
10,100,RG,26,0.1592683333333333,1.009665450085274,0.4923704128431662,2.4459409997798502,0.0882807262593729,0.7484649750404073,1.0023999493569136,0.0
10,100,Std-LNS,26,0.18050575,1.0288819876812767,0.4961924336214418,4.115153010003269,2.893547514866432,112.98912392929196,113.01130009815095,1.0
10,100,DG,27,0.2676736666666667,1.0620315515723238,0.5137440673226618,2.164158986881376,0.0279141915866144,0.2651319233700633,0.2782000228762626,0.0
10,100,EPD-FF,27,0.2121693333333332,1.0375992578874165,0.5126675401357493,2.467055011540652,0.0952190639284732,0.7984910206869249,0.8867001160979271,0.0
10,100,RA-LNS,27,0.1228657499999998,1.0720261927498416,0.5243897580894586,4.724083999171839,2.969244005172959,111.72359092859551,115.08869985118508,1.0
10,100,RG,27,0.2166983333333333,1.0432215222267742,0.5155998255307989,2.4449539934284985,0.0735158068403609,0.7156178611330689,0.7372000254690647,0.0
10,100,Std-LNS,27,0.2158657499999998,1.0720261927498416,0.5243897580894586,4.487879799213247,2.969244005172959,111.72359092859551,115.08869985118508,1.0
10,100,DG,28,0.1761836666666666,1.0014982565336243,0.4810671297777205,2.1550749968737364,0.0226976091161142,0.2506770449690521,0.2582999877631664,0.0
10,100,EPD-FF,28,0.1137493333333333,0.9832678465710132,0.4718138508519874,2.4259619978256524,0.0865874627361853,0.7059300132095817,0.7781998720020056,0.0
10,100,RA-LNS,28,0.07117825,1.0006595677400478,0.4887034188577738,4.986573997885003,4.121962155436022,118.97456688573584,121.81259994395076,1.0
10,100,RG,28,0.1292783333333333,0.9861101996767272,0.4852846252399523,2.4354600072838366,0.0719168354526914,0.7442160765640439,0.7656000088900328,0.0
10,100,Std-LNS,28,0.16417825,1.0006595677400478,0.4887034188577738,4.737245297990753,4.121962155436022,118.97456688573584,121.81259994395076,1.0
10,100,DG,29,0.0774836666666667,0.920004135754908,0.4416074955625003,2.165922991000116,0.0327005811395931,0.2574110962450504,0.2584999892860651,0.0
10,100,EPD-FF,29,0.0539293333333333,0.8940187196956831,0.4371723430027858,2.387176016811281,0.0661151620710013,0.6259589944966137,0.6318001542240381,0.0
10,100,RA-LNS,29,0.02845325,0.9121747634214072,0.445342099996732,6.955060006584958,6.404620071622649,129.74595810985193,130.46450004912913,1.0
10,100,RG,29,0.0619583333333333,0.9083077704965444,0.4432110263511689,2.442783012986183,0.0803149121471199,0.735459125135094,0.7511998992413282,0.0
10,100,Std-LNS,29,0.12145325,0.9121747634214072,0.445342099996732,6.607307006255709,6.404620071622649,129.74595810985193,130.46450004912913,1.0
20,200,DG,0,0.1868373333333334,0.9344352738137488,0.4498590535269526,2.3142100013792515,0.0515067979535042,0.4528989410027871,0.6408998742699623,0.0
20,200,EPD-FF,0,0.1474999999999999,0.9078095969837932,0.4509857099657021,3.273605020251125,0.1533511296138149,1.9342840416356928,2.1405997686088085,0.0
20,200,RA-LNS,0,0.0608299999999999,0.9245795387269204,0.4537908166771869,9.267077995464206,7.52266417601644,134.80108907213437,135.483100079,1.0
20,200,RG,0,0.10733,0.9151702163957393,0.4524035803644796,2.8834170107729733,0.1471636540518539,1.402517966926098,1.433999976143241,0.0
20,200,Std-LNS,0,0.1868550833333332,0.9245795387269204,0.4537908166771869,7.802603931239961,7.52266417601644,134.80108907213437,135.483100079,1.0
20,200,DG,1,0.2367573333333333,0.9638086890538964,0.462439859562385,2.318343001417816,0.0587037668967287,0.5177459749393171,0.6311999168246984,0.0
20,200,EPD-FF,1,0.16458,0.9400373307982716,0.4614228756046388,3.3824859960004687,0.2968092767599483,2.2515160683542543,3.2728000078350306,0.0
20,200,RA-LNS,1,0.0853024999999999,0.9572349499529372,0.4684685029449758,11.018254014197735,7.8184398134548285,132.09794609108943,137.35940004698932,1.0
20,200,RG,1,0.14246,0.9432174800593514,0.4661853010058522,2.8793980116024613,0.1605318006663099,1.4304129476659,1.451499992981553,0.0
20,200,Std-LNS,1,0.2113275833333332,0.9572349499529372,0.4684685029449758,9.466221149036814,7.8184398134548285,132.09794609108943,137.35940004698932,1.0
20,200,DG,2,0.1629473333333333,0.9206373526285412,0.4429620380651352,2.3225170145742595,0.0578391544264333,0.5131030664779246,0.5134001839905977,0.0
20,200,EPD-FF,2,0.1419,0.8863815376036541,0.4426076918918475,3.305654987227172,0.2306154565558587,1.991479897405953,2.207299927249551,0.0
20,200,RA-LNS,2,0.0503074999999999,0.910437873673596,0.4473855474000514,9.388496996834874,7.352131207524239,128.74912393977866,129.88010002300143,1.0
20,200,RG,2,0.09448,0.902058887896418,0.4458869679692344,2.8573989989236,0.1268639900456921,1.4150559483096004,1.430500065907836,0.0
20,200,Std-LNS,2,0.1763325833333332,0.910437873673596,0.4473855474000514,7.917951982542096,7.352131207524239,128.74912393977866,129.88010002300143,1.0
20,200,DG,3,0.1934673333333333,0.9377457090023148,0.4492307132784001,2.3141390113160014,0.0489755745077795,0.4979099496267737,0.5187001079320908,0.0
20,200,EPD-FF,3,0.14979,0.9133393666396736,0.4491361841270687,3.309484001249075,0.2405243601266758,2.085394999012354,2.718500094488263,0.0
20,200,RA-LNS,3,0.0605224999999998,0.926316831906076,0.456446520421757,8.289186982437954,6.666529862075367,123.3989780722186,125.9014999959618,1.0
20,200,RG,3,0.10983,0.9158528871862324,0.4542452682965877,2.875296995509416,0.1462188281421461,1.4425929216668014,1.5112000983208418,0.0
20,200,Std-LNS,3,0.1865475833333332,0.926316831906076,0.456446520421757,6.873607468865021,6.666529862075367,123.3989780722186,125.9014999959618,1.0
20,200,DG,4,0.2520873333333333,0.9684878587479656,0.4663082769076859,2.3205619915388525,0.0556086856880748,0.4875698685646059,0.534099992364645,0.0
20,200,EPD-FF,4,0.16635,0.944362718809534,0.4670263805943715,3.4154870063066483,0.2713149675344929,2.3515219753608108,2.383399987593293,0.0
20,200,RA-LNS,4,0.090545,0.9628687712597308,0.4718127683579901,9.045710004866123,6.916995425566608,127.0532910875045,132.40829994902015,1.0
20,200,RG,4,0.14821,0.9482622297652388,0.4695616883334425,2.884985998272896,0.158594422297094,1.4780338434502485,1.5209999401122332,0.0
20,200,Std-LNS,4,0.2165700833333333,0.9628687712597308,0.4718127683579901,7.592304340171783,6.916995425566608,127.0532910875045,132.40829994902015,1.0
20,200,DG,5,0.1621873333333333,0.9222636737096316,0.4428597362779951,2.320911994203925,0.0703977965830605,0.6202510627917946,0.6450999062508345,0.0
20,200,EPD-FF,5,0.1438,0.8904000714809817,0.4448244427867929,3.3548749848268926,0.2771616266779838,2.2010631044395272,2.276599872857332,0.0
20,200,RA-LNS,5,0.0517725,0.911331782491736,0.4462822780540277,9.029010010417563,7.852635666688519,129.02548989281058,130.86589984595776,1.0
20,200,RG,5,0.0960699999999998,0.903676374429164,0.4450725777678125,2.8752129855565727,0.129485509761022,1.4437100477516651,1.4545999001711607,0.0
20,200,Std-LNS,5,0.1777975833333334,0.911331782491736,0.4462822780540277,7.57643934544565,7.852635666688519,129.02548989281058,130.86589984595776,1.0
20,200,DG,6,0.2199073333333333,0.9525946997358268,0.4572957640524698,2.3418489918112755,0.0873945587239014,0.6315639195963741,0.6478000432252884,0.0
20,200,EPD-FF,6,0.15165,0.9287958073546256,0.4496636701938966,3.3185160025022924,0.2270467442664096,2.336191956419499,2.602699911221862,0.0
20,200,RA-LNS,6,0.0725575,0.9429134871940348,0.4630693555858942,10.363877005875125,8.055684373190706,128.11690504197037,139.47269995696843,1.0
20,200,RG,6,0.12161,0.929945881374676,0.4611310524469997,2.926183999981731,0.2131950584306796,1.6519829863682405,1.9275001250207424,0.0
20,200,Std-LNS,6,0.1985825833333333,0.9429134871940348,0.4630693555858942,8.844562991130333,8.055684373190706,128.11690504197037,139.47269995696843,1.0
20,200,DG,7,0.1746473333333333,0.9288994028106816,0.4458471367454089,2.3219109936617315,0.0628646634719561,0.5165369645692415,0.6488999351859093,0.0
20,200,EPD-FF,7,0.1451,0.902150262284632,0.4402549092133684,3.279494008049369,0.2118797315584268,2.02682894654572,2.059399848803878,0.0
20,200,RA-LNS,7,0.0533874999999999,0.9184016152308968,0.4507662600859433,9.337416999042034,7.112103902758373,128.32059501903132,128.36960004642606,1.0
20,200,RG,7,0.10311,0.9099409900363702,0.4491432270249326,2.866658005397767,0.1180117515745766,1.238550099078567,1.451399875804782,0.0
20,200,Std-LNS,7,0.1794125833333332,0.9184016152308968,0.4507662600859433,7.869425984638898,7.112103902758373,128.32059501903132,128.36960004642606,1.0
20,200,DG,8,0.2698273333333333,0.978210520249604,0.4712021323341132,2.317828969564289,0.0550851297298493,0.5125700612552464,0.5195001140236855,0.0
20,200,EPD-FF,8,0.18203,0.956368374223705,0.46971685241196,3.382458994630724,0.2239965411864195,2.0896400627680136,2.311400137841701,0.0
20,200,RA-LNS,8,0.1038225,0.9742672657637956,0.4769369752251161,9.948201014194638,7.521746462327405,129.35529901180416,132.04800011590123,1.0
20,200,RG,8,0.16158,0.9578279438389212,0.4742520849687621,2.867960988543928,0.1282568402382048,1.409284903202206,1.4275999274104834,0.0
20,200,Std-LNS,8,0.2298475833333333,0.9742672657637956,0.4769369752251161,8.449670799033871,7.521746462327405,129.35529901180416,132.04800011590123,1.0
20,200,DG,9,0.2317073333333333,0.957110432370264,0.4588697347224995,2.324993012472987,0.0605439050211586,0.5185249890200795,0.5308999679982662,0.0
20,200,EPD-FF,9,0.15748,0.9345307501564346,0.4573121165839509,3.373123987577856,0.2732027110198347,2.1999419550411425,2.6298000011593103,0.0
20,200,RA-LNS,9,0.0811475,0.9511991849174062,0.4643727726837964,10.09114501066506,8.012321079429142,129.50098201632505,137.4687000643462,1.0
20,200,RG,9,0.13459,0.9368146924485043,0.4620505055972831,2.8881729911081493,0.1481208236941678,1.435613101348281,1.4467998407781124,0.0
20,200,Std-LNS,9,0.2071725833333333,0.9511991849174062,0.4643727726837964,8.585467595680774,8.012321079429142,129.50098201632505,137.4687000643462,1.0
20,200,DG,10,0.2214273333333333,0.9509957648962708,0.4570666743132583,2.3203040012158453,0.0580260372554763,0.5131799494847656,0.5310000851750374,0.0
20,200,EPD-FF,10,0.15758,0.9281148823761468,0.4569244687317599,3.3675979990512133,0.2633744278373269,2.2458412102423613,2.3588000331074,0.0
20,200,RA-LNS,10,0.0718174999999999,0.9423214887267496,0.4627264987523849,10.268698993604644,6.819050935090966,126.80916599696504,130.38960006088018,1.0
20,200,RG,10,0.126,0.9299454389047797,0.4609187576581018,2.8711570012383163,0.1531876290730719,1.4348789816722276,1.46250007674098,0.0
20,200,Std-LNS,10,0.1978425833333332,0.9423214887267496,0.4627264987523849,8.754143879473377,6.819050935090966,126.80916599696504,130.38960006088018,1.0
20,200,DG,11,0.2168273333333333,0.9521241282852648,0.4581238560990964,2.316316995304078,0.0508073173299393,0.5171768646687269,0.5248000379651785,0.0
20,200,EPD-FF,11,0.15878,0.9290118173815594,0.4555057557247515,3.3989390106871724,0.2692346573617025,2.185902984347196,2.3247997742146254,0.0
20,200,RA-LNS,11,0.0724475,0.9431679206976724,0.4641878088278261,10.3270470025018,7.70832250674857,128.1470638723113,132.6083999592811,1.0
20,200,RG,11,0.1264699999999999,0.9317666465635196,0.4620832283674529,2.883996016345918,0.1461656921878108,1.3850590633228426,1.4701001346111298,0.0
20,200,Std-LNS,11,0.1984725833333334,0.9431679206976724,0.4641878088278261,8.809574487925673,7.70832250674857,128.1470638723113,132.6083999592811,1.0
20,200,DG,12,0.1325873333333334,0.8950241868784975,0.4292768670886729,2.321383986156434,0.0601730809394755,0.5102151562459767,0.5116998217999935,0.0
20,200,EPD-FF,12,0.13746,0.8554534659338994,0.4266791547647622,3.254952005110681,0.2258472922095508,2.08192590624094,2.0845001563429832,0.0
20,200,RA-LNS,12,0.0408925,0.8843224099862889,0.4335272000988064,8.411290997173637,7.842076921859626,138.5508909309283,139.98550013639033,1.0
20,200,RG,12,0.0782899999999999,0.8780800627002201,0.4323195074059364,2.8630160032771528,0.1218941804541888,1.4611240639351308,1.46349985152483,0.0
20,200,Std-LNS,12,0.1669175833333334,0.8843224099862889,0.4335272000988064,6.989606282863921,7.842076921859626,138.5508909309283,139.98550013639033,1.0
20,200,DG,13,0.2736173333333334,0.9791174703025424,0.4722128211353549,2.3060010098852217,0.0374893278374207,0.4309140192344786,0.4620000254362821,0.0
20,200,EPD-FF,13,0.17782,0.9562908828055114,0.4727131342570599,3.447440010961145,0.2783752012178845,2.2284710872918367,2.2454001009464264,0.0
20,200,RA-LNS,13,0.105665,0.9751763671130546,0.4800944922410997,9.955628025345504,7.965381415927402,129.99554583104333,139.41500009968877,1.0
20,200,RG,13,0.1567299999999999,0.9553589319614818,0.4769597714932141,2.892157992348075,0.1488868158627467,1.4434490469284358,1.468100119382143,0.0
20,200,Std-LNS,13,0.2316900833333334,0.9751763671130546,0.4800944922410997,8.456726459627193,7.965381415927402,129.99554583104333,139.41500009968877,1.0
20,200,DG,14,0.1544473333333333,0.9151243170150294,0.4391061178729517,2.314238013233989,0.0601760346817458,0.5181528581306347,0.6817998364567757,0.0
20,200,EPD-FF,14,0.13991,0.879169362406057,0.4364223409910612,3.22496300842613,0.1420549435757174,1.7740730009973051,1.82090001180768,0.0
20,200,RA-LNS,14,0.0450825,0.9012354121818212,0.4442595972676822,7.606363012455404,5.679979964260777,123.53448198409755,131.51209987699986,1.0
20,200,RG,14,0.08692,0.893443493523558,0.4428937553737191,2.900492989458144,0.1786847092709646,1.4359169895760715,1.4673001132905483,0.0
20,200,Std-LNS,14,0.1711075833333334,0.9012354121818212,0.4442595972676822,6.224924697381599,5.679979964260777,123.53448198409755,131.51209987699986,1.0
20,200,DG,15,0.1953673333333332,0.9376949689976662,0.4523787524935928,2.318854982033372,0.0587682080182896,0.5103060440160334,0.5109000485390425,0.0
20,200,EPD-FF,15,0.1453299999999999,0.90947858602659,0.456498220942931,3.354310014285147,0.264985895659076,2.36339305760339,2.5013000704348087,0.0
20,200,RA-LNS,15,0.0611125,0.9278840897590558,0.456031129201991,9.19953299453482,6.703631480079357,128.00880996976048,129.61359997279942,1.0
20,200,RG,15,0.1118999999999999,0.9176172490931084,0.454604095205778,2.858444005716592,0.1204838683259943,1.3398619554936888,1.3657999224960804,0.0
20,200,Std-LNS,15,0.1871375833333334,0.9278840897590558,0.456031129201991,7.738436180357045,6.703631480079357,128.00880996976048,129.61359997279942,1.0
20,200,DG,16,0.2206773333333334,0.9517558478709124,0.4586257510043493,2.315976000856608,0.0582801511518246,0.5124309402890507,0.5749000702053308,0.0
20,200,EPD-FF,16,0.1487799999999999,0.9264702479469992,0.4554050445045878,3.3144719833508134,0.1947615200177777,2.0128360670059924,2.1054998505860567,0.0
20,200,RA-LNS,16,0.074435,0.9438461350875268,0.4642286102643958,9.28772701183334,6.307194467438884,123.45521298004316,129.703399958089,1.0
20,200,RG,16,0.1226099999999999,0.9316766118572392,0.4622521072387882,2.896432001609355,0.1670637481177347,1.4641529694199564,1.4990998897701502,0.0
20,200,Std-LNS,16,0.2004600833333334,0.9438461350875268,0.4642286102643958,7.822220496790639,6.307194467438884,123.45521298004316,129.703399958089,1.0
20,200,DG,17,0.1350273333333333,0.9033522650270578,0.433583449997616,2.3162640100345016,0.0526587860197381,0.5042759981006385,0.5217001307755709,0.0
20,200,EPD-FF,17,0.1385099999999999,0.8703842587013775,0.43669435783507,3.3639880064874887,0.2754856523686851,2.212468080688268,2.2191999014467,0.0
20,200,RA-LNS,17,0.04302,0.8906549002043483,0.4387429845196836,8.444105989765376,6.321323740239821,125.77895413385708,130.00170001760125,1.0
20,200,RG,17,0.0798999999999999,0.8835417960017078,0.4367336112285513,2.876423001755029,0.1409254851759051,1.3808720326051118,1.4275999274104834,0.0
20,200,Std-LNS,17,0.1690450833333334,0.8906549002043483,0.4387429845196836,7.020780525826073,6.321323740239821,125.77895413385708,130.00170001760125,1.0
20,200,DG,18,0.1891173333333333,0.9352268046543142,0.4491963258385976,2.3198780049569905,0.0569176523619431,0.5146069615148008,0.5153000820428133,0.0
20,200,EPD-FF,18,0.1478899999999999,0.9101587090393424,0.451357955944252,3.359500007238239,0.267565762937992,2.3528089839965105,2.393299946561456,0.0
20,200,RA-LNS,18,0.0565025,0.9244620692232768,0.4536711721723902,9.362394986674204,7.703847469521802,130.40393602102995,130.82329998724165,1.0
20,200,RG,18,0.1077399999999999,0.9158220861091132,0.4521868592567326,2.866290999110788,0.121694010465732,1.248514952603728,1.3390998356044292,0.0
20,200,Std-LNS,18,0.1825275833333334,0.9244620692232768,0.4536711721723902,7.893155072889458,7.703847469521802,130.40393602102995,130.82329998724165,1.0
20,200,DG,19,0.1327973333333334,0.894855424986386,0.4285444865618168,2.316027996595949,0.0621292172327729,0.5249060387723148,0.5354001186788082,0.0
20,200,EPD-FF,19,0.14102,0.8547304637466864,0.4275745514709569,3.2314869952388108,0.1968405509261056,1.8274089135229608,2.2242998238652945,0.0
20,200,RA-LNS,19,0.040245,0.8814773103139555,0.4341606530317694,7.924574988428503,6.385556338782975,129.00154591770843,129.66939993202686,1.0
20,200,RG,19,0.0751,0.8738188434099803,0.43220766293243,2.892751994542777,0.1535480544105756,1.4254649053327744,1.5110999811440706,0.0
20,200,Std-LNS,19,0.1662700833333334,0.8814773103139555,0.4341606530317694,6.527226074556044,6.385556338782975,129.00154591770843,129.66939993202686,1.0
20,200,DG,20,0.2762673333333333,0.9786832180080012,0.470289227304341,2.321899012196809,0.0612040866528079,0.5299369595013559,0.5335998721420765,0.0
20,200,EPD-FF,20,0.1789199999999999,0.9556722767772396,0.4684757213572648,3.410265997983516,0.2624872119512202,2.237863910850139,2.471900079399348,0.0
20,200,RA-LNS,20,0.1024849999999999,0.973370912624175,0.475946319098782,11.270297991577536,7.691641350346287,129.41253998549655,130.51539985463023,1.0
20,200,RG,20,0.1569299999999999,0.9561888898262816,0.4735494758322985,2.8908260124735534,0.1929050125573561,1.466457187198105,1.9275001250207424,0.0
20,200,Std-LNS,20,0.2285100833333332,0.973370912624175,0.475946319098782,9.705662927547626,7.691641350346287,129.41253998549655,130.51539985463023,1.0
20,200,DG,21,0.2789373333333333,0.98489768718557,0.4722152820827985,2.31574399676174,0.050673182687608,0.511350934393704,0.5262999329715967,0.0
20,200,EPD-FF,21,0.18199,0.9612297053712434,0.475609547148461,3.438782000914216,0.2268466135046268,2.228197962976993,2.3071998730301857,0.0
20,200,RA-LNS,21,0.11092,0.982555441387948,0.47885356882853,11.2167530041188,7.305856672304151,127.59465297684076,128.97600000724196,1.0
20,200,RG,21,0.1665399999999999,0.9632329151259376,0.4757838229809565,2.89132399763912,0.1620466914346449,1.4712140243500471,1.4923999551683664,0.0
20,200,Std-LNS,21,0.2369450833333334,0.982555441387948,0.47885356882853,9.654795189461826,7.305856672304151,127.59465297684076,128.97600000724196,1.0
20,200,DG,22,0.3199073333333333,0.9983566679614778,0.4807493961473194,2.312364015262574,0.0468119445501669,0.4811690538190306,0.5078001413494349,0.0
20,200,EPD-FF,22,0.20685,0.9755667975374906,0.478748948520256,3.4475549943745136,0.2664272076712153,2.3600340192206217,2.660400001332164,0.0
20,200,RA-LNS,22,0.127315,0.9983347562037208,0.4860304059277232,11.31440398516132,7.667070389198398,126.30336607573555,128.70569992810488,1.0
20,200,RG,22,0.19382,0.9772064192530768,0.483789724605761,2.891592006664723,0.1598257184519599,1.4166500745341182,1.4215998817235231,0.0
20,200,Std-LNS,22,0.2533400833333334,0.9983347562037208,0.4860304059277232,9.747563621452217,7.667070389198398,126.30336607573555,128.70569992810488,1.0
20,200,DG,23,0.2059573333333333,0.942620151493387,0.4532408587277456,2.311103002168238,0.0522037763744697,0.518244984559715,0.5622999742627144,0.0
20,200,EPD-FF,23,0.14886,0.9170723819576184,0.4513845217477341,3.3396149897016585,0.2501986119297805,2.0987531333230445,2.272299956530333,0.0
20,200,RA-LNS,23,0.065175,0.9331201301531376,0.4590321005143527,8.656900997739285,7.624309131521097,128.42928007012233,130.99139998666942,1.0
20,200,RG,23,0.1149599999999999,0.9217826673447338,0.4570019016591772,2.887562995776534,0.167168186610192,1.4286539307795467,1.473599812015891,0.0
20,200,Std-LNS,23,0.1912000833333333,0.9331201301531376,0.4590321005143527,7.222935783401287,7.624309131521097,128.42928007012233,130.99139998666942,1.0
20,200,DG,24,0.2257173333333334,0.9557715911057,0.4577508095388901,2.315087989438325,0.048231280745661,0.4480638005770745,0.5038999952375889,0.0
20,200,EPD-FF,24,0.1597099999999999,0.9297488165116168,0.4528491945515689,3.3428340200334787,0.2119259765456693,1.9386670808307835,2.083899918943644,0.0
20,200,RA-LNS,24,0.0749774999999998,0.9475789314382358,0.4632983971994297,10.569029012694957,6.915375371522101,127.57537104655056,127.6517000515014,1.0
20,200,RG,24,0.13059,0.9354257864166,0.4614246711568376,2.856069007422775,0.1101934026763454,1.2011271598748876,1.461199950426817,0.0
20,200,Std-LNS,24,0.2010025833333332,0.9475789314382358,0.4632983971994297,9.039457397609173,6.915375371522101,127.57537104655056,127.6517000515014,1.0
20,200,DG,25,0.1497773333333333,0.9150737393944623,0.440275289387942,2.321459004189819,0.0588113019402043,0.5141110718250275,0.5151999648660421,0.0
20,200,EPD-FF,25,0.1459199999999999,0.8854459215043876,0.4402894510111698,3.3090139953419566,0.229089295413521,2.029776074923576,2.205600030720234,0.0
20,200,RA-LNS,25,0.0477999999999999,0.902914398491894,0.4458969357760637,8.535528015345335,7.587575424129413,130.88380205444994,139.01189994066954,1.0
20,200,RG,25,0.0901199999999999,0.8951671433880803,0.4441476791875134,2.890723008196801,0.15966500909939,1.4591768197715282,1.4667999930679798,0.0
20,200,Std-LNS,25,0.1738250833333333,0.902914398491894,0.4458969357760637,7.107631450127034,7.587575424129413,130.88380205444994,139.01189994066954,1.0
20,200,DG,26,0.2092373333333333,0.947065065744466,0.4538442205227699,2.324894986115396,0.0544730027203879,0.4762370139360429,0.5095999222248793,0.0
20,200,EPD-FF,26,0.14927,0.9201675077887498,0.4559812578755015,3.3534090132452548,0.2500024401256042,2.36481693107635,2.752599772065878,0.0
20,200,RA-LNS,26,0.0694699999999999,0.9379016320133996,0.4592103433760233,11.221017998177558,9.056962422537246,132.80382503056907,148.19089998491108,1.0
20,200,RG,26,0.1190299999999999,0.9271755961989676,0.4576582912212826,2.8997519849799573,0.1625585742125263,1.446301836986095,1.4762000646442175,0.0
20,200,Std-LNS,26,0.1954950833333333,0.9379016320133996,0.4592103433760233,9.658846933817646,9.056962422537246,132.80382503056907,148.19089998491108,1.0
20,200,DG,27,0.3682373333333333,1.0183087339923258,0.4898265077978059,2.3125330014154315,0.0522884254306717,0.5063890130259097,0.5151999648660421,0.0
20,200,EPD-FF,27,0.25914,0.9963365181073957,0.4858408199580843,3.4859079918824136,0.2892038170954717,2.440944053232671,2.722499892115593,0.0
20,200,RA-LNS,27,0.1639425,1.0274490620022885,0.5012710939940657,12.102647991850958,7.380658913288935,127.9911960149184,130.2875999826938,1.0
20,200,RG,27,0.2379499999999999,0.9953787676217288,0.4938484819829661,2.868461998179555,0.1225871668247165,1.2858769972808668,1.4716999139636755,0.0
20,200,Std-LNS,27,0.2899675833333334,1.0274490620022885,0.5012710939940657,10.496395427807375,7.380658913288935,127.9911960149184,130.2875999826938,1.0
20,200,DG,28,0.1810073333333334,0.9307329366532134,0.4465696337032866,2.314612004440278,0.0518571504749258,0.5061330087482931,0.5489999894052744,0.0
20,200,EPD-FF,28,0.14079,0.9020605900646366,0.4457820097409455,3.3153180037625134,0.2301202108978003,2.1270479005761445,2.131800167262554,0.0
20,200,RA-LNS,28,0.0565524999999999,0.920477004703524,0.4513736494948196,9.862759995739909,7.766548672314181,126.3542911410332,131.41229981556535,1.0
20,200,RG,28,0.1043299999999999,0.9118567636600666,0.4500040083207161,2.8879569894634187,0.1387585337526292,1.3936358969658615,1.4565999154001474,0.0
20,200,Std-LNS,28,0.1825775833333332,0.920477004703524,0.4513736494948196,8.368501831501877,7.766548672314181,126.3542911410332,131.41229981556535,1.0
20,200,DG,29,0.1226873333333333,0.8893192501992434,0.4277113094687612,2.322040996979922,0.062930948566758,0.5185099807567901,0.6482000462710857,0.0
20,200,EPD-FF,29,0.13842,0.8518108338561597,0.4291468844753715,3.253419995773584,0.2314539260860306,2.117133040446789,2.308499999344349,0.0
20,200,RA-LNS,29,0.038395,0.8778121017617379,0.4326498884087114,7.667663006577641,6.681634174838604,126.4989689877257,131.27760007046163,1.0
20,200,RG,29,0.07149,0.8714290392503728,0.4306979473359336,2.869532991200685,0.1424520147816244,1.4603730593807995,1.4675999991595745,0.0
20,200,Std-LNS,29,0.1644200833333334,0.8778121017617379,0.4326498884087114,6.283159691797724,6.681634174838604,126.4989689877257,131.27760007046163,1.0
50,500,DG,0,0.372061,0.9750557325709316,0.4685744082656509,2.798283005133271,0.1321195836920466,1.2986089824698872,1.4281999319791794,0.0
50,500,EPD-FF,0,0.2048226666666666,0.9536720500442916,0.4678035747042465,9.688063012901694,1.1195668182441805,11.388691910542551,12.437300058081746,0.0
50,500,RA-LNS,0,0.17112475,0.9711763029034026,0.4761443978432607,20.078688003122807,32.176165558609014,205.9812320303172,206.81599993258715,1.0
50,500,RG,0,0.2762403333333334,0.9472421880385448,0.4727455106325186,4.22379898885265,0.4239439209546369,3.931427965871993,4.597499966621399,0.0
50,500,Std-LNS,0,0.2915247500000001,0.9711763029034026,0.4761443978432607,17.853851688756837,32.176165558609014,205.9812320303172,206.81599993258715,1.0
50,500,DG,1,0.3065109999999999,0.9534575117823334,0.4569107395726162,2.7813600008375943,0.0943579154155734,1.0742201423272493,1.1058999225497246,0.0
50,500,EPD-FF,1,0.1860926666666666,0.9253478995770604,0.4542929039030985,9.574559997301549,1.325320654484237,12.161791163962334,12.220299802720548,0.0
50,500,RA-LNS,1,0.1321572499999999,0.94418606714734,0.4641957578879851,14.896121504716575,26.404324881744657,195.30786914750936,200.482500018552,1.0
50,500,RG,1,0.2263803333333333,0.9255003928376938,0.4614187684971613,4.18491998501122,0.3028077354593966,3.484310102649033,3.5249001812189817,0.0
50,500,Std-LNS,1,0.25255725,0.94418606714734,0.4641957578879851,12.93041351527092,26.404324881744657,195.30786914750936,200.482500018552,1.0
50,500,DG,2,0.247451,0.933833901762512,0.447045578403562,2.789491999894381,0.1144479782857584,1.1322139971889562,1.2722001411020756,0.0
50,500,EPD-FF,2,0.1686026666666666,0.89996048050811,0.4441992931958506,9.161344008054584,0.9220288819569824,11.215305947698653,11.245599947869778,0.0
50,500,RA-LNS,2,0.0880097499999999,0.9202747993151748,0.4546796136405007,16.192754002986476,29.68170964801404,209.7052800282836,209.9309999030084,1.0
50,500,RG,2,0.1849403333333331,0.9056473669646232,0.452282388802773,4.191408998332918,0.3090635163760843,3.3133780676871547,3.509199945256114,0.0
50,500,Std-LNS,2,0.20840975,0.9202747993151748,0.4546796136405007,14.162214388627326,29.68170964801404,209.7052800282836,209.9309999030084,1.0
50,500,DG,3,0.240511,0.9318672387859024,0.4468829695124739,2.8127059997059405,0.1639563608299063,1.2978679849766197,1.314499881118536,0.0
50,500,EPD-FF,3,0.1687526666666665,0.8993560019092512,0.4454486383136015,9.17909500701353,0.8883072724534394,10.28297190787271,10.8642999548465,0.0
50,500,RA-LNS,3,0.0843622499999999,0.9192265802417344,0.4530372182364919,14.06680799787864,26.75503440991744,203.4992420068011,210.17599990591407,1.0
50,500,RG,3,0.1832803333333333,0.9053179554615828,0.4512259130765056,4.29500599205494,0.5050037887864127,4.430905978661031,4.441400058567524,0.0
50,500,Std-LNS,3,0.20476225,0.9192265802417344,0.4530372182364919,12.142565683774883,26.75503440991744,203.4992420068011,210.17599990591407,1.0
50,500,DG,4,0.398451,0.9797144280264524,0.4714992156862745,2.826641011517495,0.1533005199480088,1.2878320133313546,1.4493998605757952,0.0
50,500,EPD-FF,4,0.2130326666666666,0.9577461521228838,0.4693160618646892,9.832865994423628,1.127566382730045,11.589819004293531,11.611499823629856,0.0
50,500,RA-LNS,4,0.17695475,0.9773772208117822,0.478675974255818,17.99339650082402,30.73571414240448,206.7599359946325,209.50580015778544,1.0
50,500,RG,4,0.2937603333333333,0.9531226875966357,0.4751540515838974,4.140422007068992,0.2476807672242406,3.0796509305946533,3.124299924820661,0.0
50,500,Std-LNS,4,0.2973547500000001,0.9773772208117822,0.478675974255818,15.872824761572993,30.73571414240448,206.7599359946325,209.50580015778544,1.0
50,500,DG,5,0.2402109999999999,0.9313300996497756,0.4481548995056375,2.796770991291851,0.118442904316394,1.2841511121951046,1.3089999556541445,0.0
50,500,EPD-FF,5,0.1696526666666666,0.8987278574542894,0.4465135587446389,9.298206007108092,0.9711927229449442,10.090591169428084,10.881699854508042,0.0
50,500,RA-LNS,5,0.0841522499999999,0.9176055021229828,0.4542047956137726,13.1477320054546,28.72933163076885,216.8867548531853,223.5251998063177,1.0
50,500,RG,5,0.1781003333333332,0.9036965637033672,0.4523838160165377,4.204987008590251,0.3925014594480576,3.602259948384017,3.7072000559419394,0.0
50,500,Std-LNS,5,0.2045522500000001,0.9176055021229828,0.4542047956137726,11.269443490972044,28.72933163076885,216.8867548531853,223.5251998063177,1.0
50,500,DG,6,0.313001,0.9553717428412812,0.4595888190775472,2.7852600002661347,0.101965682788424,1.2304039392620325,1.2407000176608562,0.0
50,500,EPD-FF,6,0.1811226666666666,0.9289417072426736,0.457582804615869,9.488832992967218,1.0824544678222063,11.381410001777116,12.01599999330938,0.0
50,500,RA-LNS,6,0.13391725,0.946540252519672,0.4662303006670907,19.11315500503406,30.28159259310736,205.5653660069221,224.59970018826425,1.0
50,500,RG,6,0.2317603333333334,0.9273920756558506,0.4635964453911769,4.158169001340866,0.2462781427756225,3.060797017533333,3.1397000420838594,0.0
50,500,Std-LNS,6,0.2543172500000001,0.946540252519672,0.4662303006670907,16.936595340572534,30.28159259310736,205.5653660069221,224.59970018826425,1.0
50,500,DG,7,0.275881,0.9437878974116436,0.4530218551194159,2.8036499959416687,0.1197805441676885,1.199643935542554,1.2336999643594029,0.0
50,500,EPD-FF,7,0.1719726666666665,0.9175823228729788,0.4542644904663625,9.51826100051403,1.2107616221842286,12.228213930502536,12.883000075817108,0.0
50,500,RA-LNS,7,0.10953975,0.9329770865161132,0.4596162629018067,16.276125005679205,29.767034082883907,198.1210210453719,198.59830010682344,1.0
50,500,RG,7,0.2058603333333332,0.9166966404003372,0.4571397084785558,4.322186001110822,0.4909225676610034,3.766048012766989,4.08759992569685,0.0
50,500,Std-LNS,7,0.2299397500000001,0.9329770865161132,0.4596162629018067,14.24141684118542,29.767034082883907,198.1210210453719,198.59830010682344,1.0
50,500,DG,8,0.3366609999999999,0.960580104196036,0.4631039408795584,2.802903003059328,0.1400018728974005,1.281135068275036,1.6014000866562128,0.0
50,500,EPD-FF,8,0.1832226666666666,0.9338435958539538,0.4625810414873622,9.690745999570936,1.168278238439306,12.233861978165807,12.794399866834285,0.0
50,500,RA-LNS,8,0.1480997499999999,0.9535317012607544,0.4695707602672885,18.913025504443794,32.48715808890606,220.6209111446515,225.34430003724992,1.0
50,500,RG,8,0.2420303333333334,0.9330635631050592,0.4668350484172103,4.227630994748324,0.3910087461772312,3.64338910672814,4.226400051265955,0.0
50,500,Std-LNS,8,0.26849975,0.9535317012607544,0.4695707602672885,16.74647231501178,32.48715808890606,220.6209111446515,225.34430003724992,1.0
50,500,DG,9,0.2384609999999999,0.9328309951059208,0.4480205696372608,2.814653995912522,0.1463570630227146,1.3391329441219573,1.4314998406916857,0.0
50,500,EPD-FF,9,0.1638426666666665,0.9020138438536184,0.4488390207293501,9.396745004225522,0.9944239594724766,11.13410102436319,11.203499976545572,0.0
50,500,RA-LNS,9,0.0807022499999999,0.9181747642456104,0.4542373767536894,12.160897993016988,25.30470310488099,223.6777519318276,228.0685999430716,1.0
50,500,RG,9,0.1806603333333332,0.90520974923385,0.4524018606190523,4.25511199561879,0.3628664414272766,3.6093670083209872,3.6259000189602375,0.0
50,500,Std-LNS,9,0.2011022500000001,0.9181747642456104,0.4542373767536894,10.331951179156315,25.30470310488099,223.6777519318276,228.0685999430716,1.0
50,500,DG,10,0.3088109999999999,0.9554234575653496,0.4598679739731887,2.829287995584309,0.1477203207181459,1.2682211096398532,1.2703000102192163,0.0
50,500,EPD-FF,10,0.1806126666666666,0.9295246123379024,0.4596397539620867,9.49719300540164,0.9290073948246416,10.4672540165484,11.20519987307489,0.0
50,500,RA-LNS,10,0.13399725,0.9463830340552326,0.4668202024538255,16.914272003341466,32.03743294325869,208.67106609512123,214.63740011677143,1.0
50,500,RG,10,0.2288003333333332,0.9275772982424418,0.4638439129029904,4.22383399028331,0.3254213776117013,3.16419084556401,3.618699964135885,0.0
50,500,Std-LNS,10,0.2543972500000001,0.9463830340552326,0.4668202024538255,14.847656488964567,32.03743294325869,208.67106609512123,214.63740011677143,1.0
50,500,DG,11,0.241291,0.9350359020565188,0.4493708541187508,2.8235090016387403,0.1731860289775112,1.3024220010265724,1.591700129210949,0.0
50,500,EPD-FF,11,0.1681926666666666,0.9084084351786608,0.4500638038721803,9.362415003590286,0.997730187494743,10.835253081750132,12.33539986424148,0.0
50,500,RA-LNS,11,0.0834647499999999,0.9208333801812038,0.4565564964807191,11.72529800795018,25.840925631226707,200.0626949826257,227.07929997704923,1.0
50,500,RG,11,0.1828303333333333,0.9068914509095696,0.4543099229366817,4.210070004221052,0.3392890297642832,3.549712903331965,3.590600099414587,0.0
50,500,Std-LNS,11,0.20386475,0.9208333801812038,0.4565564964807191,9.918131193342845,25.840925631226707,200.0626949826257,227.07929997704923,1.0
50,500,DG,12,0.0532009999999999,0.8639350005645596,0.413770025352742,2.806996989995241,0.1348239585688814,1.2786240736022592,1.2909001670777798,0.0
50,500,EPD-FF,12,0.1630626666666667,0.8118240057783361,0.4131118887645536,8.65783298900351,0.9192402469931326,10.510034803301098,10.741200065240264,0.0
50,500,RA-LNS,12,0.00702725,0.8497121365057625,0.4199760712855213,5.522301003802568,7.9070619084484095,139.94048597756773,140.57269995100796,1.0
50,500,RG,12,0.0872303333333333,0.8395898759174998,0.418107950906025,4.246911018155515,0.4215465699076114,3.5255730641074483,3.602100070565939,0.0
50,500,Std-LNS,12,0.1274272500000001,0.8497121365057625,0.4199760712855213,4.025284039402614,7.9070619084484095,139.94048597756773,140.57269995100796,1.0
50,500,DG,13,0.3618009999999999,0.9702538571237324,0.4681696222143089,2.808200016617775,0.1382365793163657,1.2675311043858528,1.2805000878870487,0.0
50,500,EPD-FF,13,0.1976326666666666,0.946871286433602,0.4660917317475628,9.553167010191828,1.0686056573744218,11.34676205925644,12.362700188532472,0.0
50,500,RA-LNS,13,0.1606272499999999,0.9641530069862524,0.4759044735741671,19.08765499247238,32.978201422757145,197.16277685714888,203.62520008347929,1.0
50,500,RG,13,0.2617603333333331,0.941619153926284,0.4725397288560081,4.191362003795803,0.3071596954706969,3.5095281735993926,3.561799880117178,0.0
50,500,Std-LNS,13,0.28102725,0.9641530069862524,0.4759044735741671,16.912370328638936,32.978201422757145,197.16277685714888,203.62520008347929,1.0
50,500,DG,14,0.2209210000000001,0.9281321545881932,0.4457282040902319,2.797376004047692,0.1299697172282569,1.305292141623796,1.532200025394559,0.0
50,500,EPD-FF,14,0.1633126666666667,0.8962330421864,0.4455998101875205,9.337106007616969,0.96399591803212,10.658616016153246,10.68990002386272,0.0
50,500,RA-LNS,14,0.0775297499999999,0.9147062343081158,0.4515858431859154,13.66888649878092,25.844980881908945,213.8699360773899,218.6056999489665,1.0
50,500,RG,14,0.1720203333333332,0.901465321566766,0.4498112877755282,4.195635011885315,0.310275083321462,3.345002955757083,3.6126000341027975,0.0
50,500,Std-LNS,14,0.19792975,0.9147062343081158,0.4515858431859154,11.764540259632046,25.844980881908945,213.8699360773899,218.6056999489665,1.0
50,500,DG,15,0.3416110000000001,0.9656773838378072,0.463468715839344,2.7874870067462325,0.1030296760093554,1.0931629291735598,1.2676999904215336,0.0
50,500,EPD-FF,15,0.1911326666666666,0.940971732452658,0.4622609908879691,9.669828990474343,1.14339689569953,11.346226993482569,13.140799943357706,0.0
50,500,RA-LNS,15,0.14960225,0.9572518286296328,0.4708872463362711,16.94551299791783,30.6401124085702,211.776181163732,218.48649997264147,1.0
50,500,RG,15,0.2496903333333334,0.9366565147841192,0.4680487105906556,4.20717100193724,0.3103215814857131,3.5802618856541826,3.833899972960353,0.0
50,500,Std-LNS,15,0.2700022500000001,0.9572518286296328,0.4708872463362711,14.877335433812114,30.6401124085702,211.776181163732,218.48649997264147,1.0
50,500,DG,16,0.2243009999999997,0.9291209793475624,0.4456796520743433,2.785323006566614,0.1131628958204819,1.2836301093921063,1.296499976888299,0.0
50,500,EPD-FF,16,0.1719526666666666,0.8937384553849118,0.4452597824766014,9.224102984182537,0.7832400994141797,10.384378905873746,10.441699996590614,0.0
50,500,RA-LNS,16,0.0727797499999997,0.9150835534408184,0.4519073231720364,12.57531649549492,26.651241439306023,207.40296794800096,225.9722000453621,1.0
50,500,RG,16,0.1748603333333334,0.9023400474800144,0.4496673612693754,4.277871989645064,0.407461040989791,3.797611901536586,4.184900084510446,0.0
50,500,Std-LNS,16,0.1931797499999998,0.9150835534408184,0.4519073231720364,10.72564875651035,26.651241439306023,207.40296794800096,225.9722000453621,1.0
50,500,DG,17,0.194121,0.9164248769340692,0.4393927221617863,2.812346001621336,0.1268880220988713,1.1703028297051787,1.180499792098999,0.0
50,500,EPD-FF,17,0.1679226666666667,0.8793993036652856,0.4376107110267103,9.158499003853647,0.9460570682387937,10.302235849667342,10.533499997109177,0.0
50,500,RA-LNS,17,0.0517497499999999,0.9005134364026242,0.4464069205301288,9.305483502103025,20.64445672025227,195.49334210809323,198.3586000278592,1.0
50,500,RG,17,0.1515803333333333,0.8888730673565373,0.4448614671799277,4.206631016451865,0.3240233856657001,3.496021172031761,3.765400033444166,0.0
50,500,Std-LNS,17,0.17214975,0.9005134364026242,0.4464069205301288,7.619307412788048,20.64445672025227,195.49334210809323,198.3586000278592,1.0
50,500,DG,18,0.2661510000000001,0.9398651189300602,0.4517454416244915,2.79448000760749,0.1130007102889565,1.2901178095489745,1.3413999695330858,0.0
50,500,EPD-FF,18,0.1697626666666666,0.9101631440002124,0.4490853201926851,9.207966984715313,0.842492947217421,10.134418979287148,10.185799794271588,0.0
50,500,RA-LNS,18,0.10111225,0.9287619131807578,0.4577809237707488,16.867505005793646,33.92429993778146,221.06317593483257,226.92160005681217,1.0
50,500,RG,18,0.1968503333333333,0.913518275697726,0.4556848483007967,4.225833004340529,0.3270532834996473,3.5538600524887443,3.559800097718835,0.0
50,500,Std-LNS,18,0.2215122500000001,0.9287619131807578,0.4577809237707488,14.803227841294138,33.92429993778146,221.06317593483257,226.92160005681217,1.0
50,500,DG,19,0.2827609999999999,0.9465126670737888,0.4558095335792849,2.784943012986332,0.100829784800403,1.1350609106011689,1.15099991671741,0.0
50,500,EPD-FF,19,0.1727626666666666,0.9158283069011964,0.4525303845512906,9.232633004896345,0.8215745762970666,10.157325083855543,11.12999999895692,0.0
50,500,RA-LNS,19,0.11086475,0.9341437981332976,0.4631143504484882,14.81898550176993,28.6922423475795,202.119942966383,210.49959980882704,1.0
50,500,RG,19,0.2087503333333333,0.917238949399894,0.4605234171984214,4.135831990744919,0.1834657231028196,2.951932870782913,3.2422998920083046,0.0
50,500,Std-LNS,19,0.2312647500000001,0.9341437981332976,0.4631143504484882,12.857134312471608,28.6922423475795,202.119942966383,210.49959980882704,1.0
50,500,DG,20,0.365421,0.97333398216536,0.4682497315924307,2.799130010418594,0.1168906162599608,1.0841880924999725,1.2612000573426485,0.0
50,500,EPD-FF,20,0.2088326666666667,0.950190616901298,0.468384925042252,9.848840018268676,1.2379282703491052,12.308344205375764,12.72849994711578,0.0
50,500,RA-LNS,20,0.1632572499999999,0.9678770943214464,0.4753945613285685,18.7073184910696,33.44222382347203,211.1130201304332,217.69850002601743,1.0
50,500,RG,20,0.2706003333333334,0.9453424063504708,0.4722787192855097,4.248448999598622,0.3858211274287311,3.574751971755177,3.688800148665905,0.0
50,500,Std-LNS,20,0.28365725,0.9678770943214464,0.4753945613285685,16.551050652306294,33.44222382347203,211.1130201304332,217.69850002601743,1.0
50,500,DG,21,0.2600309999999998,0.941025591317134,0.4525279468752357,2.808870990294963,0.1539783479878039,1.3053950178436953,1.6315998509526253,0.0
50,500,EPD-FF,21,0.1716326666666666,0.9090206368853844,0.453141085278846,9.393301976844668,1.033106187243802,10.939364875666802,11.846699984744191,0.0
50,500,RA-LNS,21,0.0995347499999999,0.929326795949974,0.4581698228391281,15.106747006066144,32.50024571575526,207.9352372093127,224.29369995370507,1.0
50,500,RG,21,0.1959103333333333,0.9143954465703892,0.4561062702607215,4.2443149937316775,0.4214806147819465,3.584215047303587,3.6253000143915415,0.0
50,500,Std-LNS,21,0.21993475,0.929326795949974,0.4581698228391281,13.13050774155301,32.50024571575526,207.9352372093127,224.29369995370507,1.0
50,500,DG,22,0.3027509999999999,0.952688389540706,0.4585906697239818,2.7897490030154586,0.1193352768872628,1.2858560122549534,1.2914000544697046,0.0
50,500,EPD-FF,22,0.1795226666666667,0.9213837314871588,0.4611195650647361,9.86613600095734,1.3932667307074165,12.93727100128308,13.24130012653768,0.0
50,500,RA-LNS,22,0.11980475,0.9412098174854984,0.4659689124778636,14.70592750585638,27.74001735206224,208.3210670785048,211.624399991706,1.0
50,500,RG,22,0.2206903333333331,0.9239690363649322,0.46328074371742,4.225866997614503,0.3800254674924689,3.872590130195023,4.109199857339263,0.0
50,500,Std-LNS,22,0.2402047500000001,0.9412098174854984,0.4659689124778636,12.749729216353735,27.74001735206224,208.3210670785048,211.624399991706,1.0
50,500,DG,23,0.3193009999999999,0.9573635875220218,0.4595350789365651,2.790159984026104,0.1062839988886288,1.2477790703997016,1.2556000147014856,0.0
50,500,EPD-FF,23,0.1792926666666666,0.9354948650487884,0.4580503249305085,9.37892801174894,0.8086194195102806,10.100959916599106,12.21559988334775,0.0
50,500,RA-LNS,23,0.1347697499999999,0.9486297316277512,0.4664603787534394,16.806902496609837,31.34325238867253,211.52221091557303,231.1748000793159,1.0
50,500,RG,23,0.2316703333333332,0.9301142991499676,0.463666282862997,4.186294002458453,0.3659532455344258,3.953321161679925,4.192999796941876,0.0
50,500,Std-LNS,23,0.25516975,0.9486297316277512,0.4664603787534394,14.745655457569518,31.34325238867253,211.52221091557303,231.1748000793159,1.0
50,500,DG,24,0.211701,0.9228544359219104,0.4444667132644271,2.7744390075095,0.0910561770561736,1.1301659885793924,1.1465998832136393,0.0
50,500,EPD-FF,24,0.1649726666666666,0.8895714789056711,0.4444674974420304,9.01910800067708,0.8167353826398195,10.828449109103532,11.29859988577664,0.0
50,500,RA-LNS,24,0.0617272499999999,0.907820042161324,0.4514777164826449,11.190156496595591,22.85952765038252,210.4279098566622,222.40790002979327,1.0
50,500,RG,24,0.1636903333333333,0.8956542602186776,0.4497942366265493,4.217690004035831,0.3836629435834181,3.586599880363797,4.546900046989322,0.0
50,500,Std-LNS,24,0.18212725,0.907820042161324,0.4514777164826449,9.409746757555986,22.85952765038252,210.4279098566622,222.40790002979327,1.0
50,500,DG,25,0.321291,0.9580640185680892,0.4601359775981604,2.80603098962456,0.1366649711611731,1.2597251567058267,1.301799900829792,0.0
50,500,EPD-FF,25,0.1831026666666665,0.9329192779762192,0.4577818550488517,9.48996899696067,0.9807456716340848,10.691529936157174,11.98149984702468,0.0
50,500,RA-LNS,25,0.1373122499999999,0.9489249381000946,0.4672065935021387,16.51667349971831,29.047912522369288,202.26964102359497,217.16329990886152,1.0
50,500,RG,25,0.2351103333333332,0.9294769365621856,0.4644143552162258,4.200005981139839,0.318261224561028,3.2354060444049555,3.6023000720888376,0.0
50,500,Std-LNS,25,0.25771225,0.9489249381000946,0.4672065935021387,14.469937910522566,29.047912522369288,202.26964102359497,217.16329990886152,1.0
50,500,DG,26,0.297361,0.9492699869413213,0.4559640507489149,2.7829109975136817,0.1115032008525745,1.2674031034111977,1.2676999904215336,0.0
50,500,EPD-FF,26,0.1753126666666666,0.9214085017259702,0.4529547064960046,9.332372998353094,1.0592740994225076,10.712335030548278,11.319699930027127,0.0
50,500,RA-LNS,26,0.11654225,0.9382271623516129,0.4635455271676492,14.223837992176414,28.23851624773511,201.66099588153887,221.71799978241324,1.0
50,500,RG,26,0.2139103333333332,0.9218508351477483,0.4605780377010275,4.274747001938522,0.3670318817455887,3.5925979935564105,3.641899907961488,0.0
50,500,Std-LNS,26,0.2369422500000001,0.9382271623516129,0.4635455271676492,12.291744178357767,28.23851624773511,201.66099588153887,221.71799978241324,1.0
50,500,DG,27,0.4191010000000001,0.9879112085753654,0.4748665116740478,2.7939249905757606,0.1198060007852849,1.2845479976385834,1.3189997989684343,0.0
50,500,EPD-FF,27,0.2432326666666666,0.964258180146071,0.4759806516181715,9.974184008780869,1.101627008674144,11.222195057198409,12.00379990041256,0.0
50,500,RA-LNS,27,0.1874822499999999,0.9858759327069596,0.4835110670943667,21.004240011097863,33.989877413440205,200.46568197431043,200.8895999751985,1.0
50,500,RG,27,0.3139303333333334,0.9586118565821694,0.4795215563179865,4.211917995009572,0.3161332060161221,3.2641057996079343,3.640900133177638,0.0
50,500,Std-LNS,27,0.30788225,0.9858759327069596,0.4835110670943667,18.733126096333145,33.989877413440205,200.46568197431043,200.8895999751985,1.0
50,500,DG,28,0.2409409999999998,0.932715255054626,0.4499738815436807,2.7968470128253102,0.1120707483083282,1.150995797943324,1.200099941343069,0.0
50,500,EPD-FF,28,0.1685226666666666,0.9072769347222192,0.4461394753821663,9.194697016384453,0.9132764964383168,10.710231168195604,10.822199983522296,0.0
50,500,RA-LNS,28,0.0743197499999998,0.9190755097196742,0.4563543785548131,13.3467270003166,27.72050257713433,197.4558589677328,225.4292001016438,1.0
50,500,RG,28,0.1798703333333333,0.906292634458208,0.4541573983166382,4.2612319816835225,0.3789602842336604,3.638299875892699,3.6976998671889305,0.0
50,500,Std-LNS,28,0.1947197499999999,0.9190755097196742,0.4563543785548131,11.458488736090944,27.72050257713433,197.4558589677328,225.4292001016438,1.0
50,500,DG,29,0.197931,0.9190840020186246,0.4407682720872076,2.812693985644728,0.1521580513566906,1.3017551088705674,1.6141000669449568,0.0
50,500,EPD-FF,29,0.1681126666666667,0.8851983089110663,0.4408406659583116,9.152193002402782,0.9245387775670326,10.170596002135428,10.49689995124936,0.0
50,500,RA-LNS,29,0.0474747499999999,0.9037329372629268,0.4469343536967918,7.834241995587938,18.1525701325348,199.5815081498587,226.72810009680688,1.0
50,500,RG,29,0.1572303333333332,0.892627549563181,0.4452754189620209,4.247210007626564,0.3170085856977809,3.0636080424301326,3.104000119492412,0.0
50,500,Std-LNS,29,0.16787475,0.9037329372629268,0.4469343536967918,6.221627981598715,18.1525701325348,199.5815081498587,226.72810009680688,1.0
