algorithm,run,cvr_mean,cvr_std,per_server_vr_mean,U_max_mean,O1_mean,excess_mean,time_mean_ms,time_p99_ms,feasible_rate,exp_makespan_mean,util_new_mean,util_total_mean,robust_util_total_mean,time_std_ms,time_p50_ms,time_max_ms,timeout_rate
DG,0,0.13363000000000003,0.06796832424004581,0.014356000000000002,1.158743951883749,2669.683352963385,31.996020625638593,0.19884000066667795,0.32103299861773854,0.02,1209.8803128912475,0.4683990313833321,0.4692280635247625,0.9763411364578726,0.04857803995044109,0.17484999261796474,0.3341999836266041,0.0
RG,0,0.07596000000000001,0.05646519636023593,0.007994,1.0563594082925356,2571.5630013727014,15.478019722884623,0.6365030037704855,0.8470290247350946,0.19,1480.178436683336,0.47354738479722114,0.4743682104292967,0.9580188182550708,0.1455019500683201,0.700149976182729,1.1171998921781778,0.0
EPD-FF,0,0.08275,0.05388160632349411,0.008665,1.078348386636875,2472.9904120841243,16.423468060763803,0.5791210022289306,0.9858720190823103,0.54,1797.1385375859522,0.4708950361070666,0.4714379733064928,0.9485696134894881,0.17703563688647034,0.5097999819554389,1.4682000037282705,0.0
Std-LNS,0,0.15192999999999998,0.07397759863634397,0.016422000000000003,1.2015152324853084,2624.134382967881,37.99459247420742,30.889282999560237,42.32009997940622,0.01,1069.7622236684513,0.470828039473908,0.4719644042807456,0.9793178318968124,3.6421363910693696,30.18104995135218,42.69629996269941,0.0
RA-LNS,0,0.06464,0.046253112327712606,0.006791,0.9806900971891213,2374.7871901910003,11.191778242148398,107.553063997766,125.78959800419398,0.76,1555.2734249652265,0.47632681998146814,0.4765669345919916,0.958208502973042,6.28346756009361,106.21999995782971,126.70019990764558,1.0
DG,1,0.15367,0.08126205202922211,0.016759999999999997,1.191305468986103,2680.745521079863,38.914538937832894,0.17429599887691438,0.19594197510741673,0.01,1198.8086192577925,0.46872167267713793,0.4712514689510172,0.9841605100351692,0.007827533390557612,0.17315003788098693,0.23969996254891157,0.0
RG,1,0.08957999999999998,0.06219472324884163,0.009549999999999998,1.0657461735926639,2554.4929304301054,18.027854806473762,0.41151199606247246,0.42685498949140316,0.16,1504.035061150282,0.47212120996522655,0.4731255080237676,0.9679932286798509,0.006709010117998841,0.4100000369362533,0.44219999108463526,0.0
EPD-FF,1,0.09790000000000001,0.06600689357938305,0.010383,1.1023787519549828,2480.270407648217,20.88935794145614,0.4405019979458302,0.5380369059275836,0.44,1895.6757290338826,0.46842906799579337,0.4696416075776236,0.9607919117551154,0.04206726102414107,0.4373499541543424,0.5416999338194728,0.0
Std-LNS,1,0.16082000000000002,0.08383130441547477,0.017527,1.1906798944601156,2635.541993508544,41.07509956180456,27.41553699481301,28.931929040700197,0.03,1070.3855259428606,0.4702131703758889,0.47369975724609725,0.9870392282151224,0.31721984561887356,27.35180000308901,28.964499942958355,0.0
RA-LNS,1,0.07868000000000001,0.058403917676813424,0.008372000000000001,0.9934514469054859,2403.0525378996435,14.400642600179001,107.26930300006643,123.44414906692698,0.66,1582.8286813968398,0.47386080971117317,0.4753425709492676,0.969183898791086,6.416532125026757,105.57529999641702,138.05149996187538,1.0
DG,2,0.03808,0.027603507023564955,0.0038840000000000007,1.0217121204767943,2655.737860521962,8.114188061566907,0.16912799794226885,0.17862806911580328,0.41,1193.7929763231677,0.40787575225263645,0.40861828681486423,0.8579533119369112,0.01347201307348526,0.16799999866634607,0.30019995756447315,0.0
RG,2,0.01584,0.012908694744241183,0.0015990000000000002,0.9278814589511738,2590.2684927740283,3.069474433466198,0.4120499931741506,0.43187901261262707,0.89,1497.1124930208305,0.41042589383669265,0.41046090625029774,0.8458690822860058,0.02435155687897278,0.4093999741598964,0.6476000417023897,0.0
EPD-FF,2,0.049010000000000005,0.009990490478449993,0.005007999999999999,0.9932056254588043,2792.2771132151493,7.590259066477475,0.43868500157259405,0.6714179844129835,1.0,2057.2569038297206,0.40566419920706365,0.4060581907272469,0.8060100077818768,0.085590821340911,0.4070000140927732,0.7524000247940421,0.0
Std-LNS,2,0.0409,0.0275432387347603,0.0041789999999999996,1.0328536751224031,2633.9126884975108,9.000463998195022,30.055259998189285,42.659478987334325,0.36,1062.781856653751,0.40905908530659824,0.4097086625570672,0.8597400622182468,4.270782963932525,27.426550048403442,47.77569998987019,0.0
RA-LNS,2,0.011169999999999998,0.01136226649925093,0.001125,0.9022688570077665,2376.785045694123,1.7226701247349014,106.46061999374069,121.34966807905585,1.0,1670.5202668796053,0.4125659262416403,0.4126705664821776,0.8498271953484262,5.474142263560811,105.01959995599464,122.18800000846386,1.0
DG,3,0.10357999999999999,0.05626778474402559,0.010910999999999999,1.1363760807068786,2657.6246641556813,24.561985857920902,0.17024000291712582,0.18773203133605426,0.02,1184.5303924596583,0.4508875805886914,0.45139092193455044,0.9439846996372132,0.004881027552477177,0.16920000780373812,0.20080001559108496,0.0
RG,3,0.052000000000000005,0.035278888871391634,0.005392,1.0184925903887223,2542.5179439528756,10.36068980754846,0.41028099600225687,0.42349596507847315,0.41,1496.080347654382,0.4544641408927748,0.45476291733662966,0.9299393200856572,0.005434921393515683,0.4094999749213457,0.4330000374466181,0.0
EPD-FF,3,0.06365,0.02156078616377427,0.006569,1.033371563830089,2524.516454629173,10.517951033538871,0.41501899366267025,0.48486808198504155,0.68,1916.8702172483565,0.4476600188322499,0.4478707435504422,0.9148933514811414,0.03354975979913747,0.41274999966844916,0.49160001799464226,0.0
Std-LNS,3,0.11152000000000001,0.057227699586825956,0.011779,1.1529669903785738,2624.805985485143,26.54534147292428,27.30419400613755,28.30414796015249,0.01,1055.991687135306,0.452390976472407,0.45291677414745585,0.9469996206381679,0.38210801928771226,27.255449967924505,30.813599936664104,0.0
RA-LNS,3,0.04506,0.0332351681205316,0.004654999999999999,0.9575616362828377,2371.9360082515577,7.279356447447395,106.93761300412007,122.80463894829155,0.87,1574.9240669370308,0.4566219501436776,0.4570329197178337,0.9317092838903434,5.493769821067156,105.97284999676049,125.61019998975098,1.0
DG,4,0.22369000000000003,0.10354329480946606,0.025498000000000003,1.244747452908037,2667.663885686545,61.168981810898906,0.17161399824544787,0.19116993877105445,0.0,1179.616690080026,0.49435590921193684,0.4968136276106061,1.035451597393879,0.008738857686635485,0.1700000138953328,0.2476000227034092,0.0
RG,4,0.15281,0.10372306349120239,0.01721,1.1286851278616863,2529.311625350361,32.7578552425334,0.41150601231493056,0.43831707793287933,0.03,1511.3705389107686,0.4978757077091193,0.499666460345304,1.0197201014066541,0.006516932957279812,0.4102999810129404,0.44000009074807167,0.0
EPD-FF,4,0.15116999999999997,0.10523469532430833,0.016795,1.1793921995995924,2457.6381753117603,37.649960652826465,0.46949700568802655,0.5989960196893663,0.14,1844.6333931468505,0.492785280252021,0.494545186296472,1.011907978296743,0.049792309922424595,0.46800001291558146,0.618400052189827,0.0
Std-LNS,4,0.23876999999999998,0.1035406060441989,0.027313,1.266379778110022,2620.3184676200517,65.09984566257212,27.998984006699175,35.89375697774814,0.0,1062.1911818479698,0.49573134551879017,0.4981749698403245,1.0383114859331903,1.9142921181637753,27.432150032836944,38.80999993998557,0.0
RA-LNS,4,0.13262,0.08893826847876003,0.01463,1.0467847059983957,2359.171867663389,26.542392340990546,106.22436899808235,121.80290198419245,0.31,1539.9596471161492,0.4991019335986847,0.5008059219754902,1.0181851839187765,5.326707332322667,104.84059998998418,123.34749998990446,1.0
DG,5,0.14061,0.07073187329627288,0.015131,1.1785202123062342,2684.3883353053925,34.47494376119511,0.17083699232898653,0.1806109759490938,0.02,1199.353847824304,0.46952006932299006,0.4722315070846373,0.9793146225273052,0.004273277088657125,0.17034995835274458,0.2014999045059085,0.0
RG,5,0.07997000000000001,0.050114559760612486,0.008371,1.0640860471461968,2544.638195944441,15.85924327142351,0.41716000414453447,0.44894104008562874,0.13,1524.3354255218326,0.47240063848491715,0.47277883495092055,0.9638277926214991,0.009244268092250065,0.4154000198468566,0.4727999912574887,0.0
EPD-FF,5,0.07919,0.045302029755850896,0.008282999999999999,1.0697511627589043,2492.7870531428853,15.108408334339222,0.44722399790771306,0.6098160904366531,0.52,1813.7488035702263,0.47039738232935085,0.4709961663815719,0.9570561036113904,0.05180822627547363,0.43424993054941297,0.7698000408709049,0.0
Std-LNS,5,0.14824,0.06399189323656551,0.015943,1.1955009906845329,2664.8190292117415,36.6561027988899,27.59109900216572,29.01478296611458,0.01,1075.83360878822,0.47075427614428295,0.4719476990020256,0.9802179428819118,0.3327056662444289,27.53474999917671,29.161600046791136,0.0
RA-LNS,5,0.06946000000000001,0.04713966906969119,0.0073160000000000005,0.9858731950677999,2370.745110926835,12.456421336390965,107.90364898741245,125.11656789807608,0.79,1601.7666725415486,0.47394969234136863,0.4743513492937307,0.9644906050142328,6.456878560102559,106.60885000834242,134.96389996726066,1.0
DG,6,0.05407,0.034065306398152355,0.005574,1.065804345599701,2686.8445223553654,12.152945364543596,0.17677100840955973,0.21878802333958527,0.19,1197.112232107754,0.4216013812172815,0.4216821475095883,0.8843591615154643,0.020662072311237047,0.17424998804926872,0.37599995266646147,0.0
RG,6,0.02312,0.01737255306510819,0.002351,0.9593730944851419,2581.7239441328693,4.5781205734394605,0.4223809950053692,0.43513405136764055,0.73,1498.8484516988124,0.4251103904887639,0.4254753600307373,0.8714224745207,0.0055353214921198095,0.42135000694543123,0.4483999218791723,0.0
EPD-FF,6,0.04947,0.0088243470013367,0.005058,0.9970019063390838,2707.0327822931263,7.493905318931946,0.38912100018933415,0.45994200860150164,0.95,2147.8026793193835,0.41210726761035915,0.4126105422531123,0.8424313780809392,0.025294284523480405,0.3887999337166548,0.47400000039488077,0.0
Std-LNS,6,0.06714,0.03831501533341726,0.006943000000000001,1.094745932349748,2607.90458961567,15.303761497421817,28.274247999070212,29.182210050057623,0.12,1061.704813581112,0.4232129387032949,0.42354536530046877,0.8898297263190387,0.2398052419559919,28.227149974554777,29.658399987965822,0.0
RA-LNS,6,0.01781,0.015936558599647543,0.0018030000000000001,0.9172024234597166,2351.3398539662244,2.888438887633839,107.21404100186191,121.14844102645296,1.0,1620.9675679377835,0.42771649571887016,0.42771649571887016,0.8749281560904939,5.106559595526178,106.10090004047379,125.4590000025928,1.0
DG,7,0.1404,0.08455459774607174,0.015276999999999999,1.1679339545956957,2670.218771823849,35.83611939627376,0.17946199397556484,0.21695801638998136,0.02,1184.0093214033448,0.4679801269778415,0.46850954809425666,0.9737673474432862,0.013551648383966712,0.1771500101312995,0.3019000869244337,0.0
RG,7,0.08629000000000002,0.07153688489164173,0.009229,1.0563597693959115,2508.3519971631163,17.573372520478063,0.4229729971848428,0.44266199343837803,0.23,1523.916584957426,0.4701163789865434,0.47056532758632874,0.9619559121000856,0.006686664509375906,0.4225500160828233,0.45870000030845404,0.0
EPD-FF,7,0.08452,0.056265705363036204,0.008943,1.0647313977132102,2474.5902988820476,16.804186473897758,0.4547150037251413,0.57232704712078,0.58,1829.2072081900635,0.4709768597835421,0.4712335391179372,0.9491833524315553,0.046512136543855796,0.4427999956533313,0.6245000986382365,0.0
Std-LNS,7,0.13848999999999997,0.08080365028883288,0.015049000000000002,1.1650413982718952,2615.971108353613,33.986503321334396,28.17245800048113,29.73348996718414,0.04,1066.7238311064834,0.4689839928274104,0.470058395165423,0.9756800589605096,0.39058642507047386,28.069349995348603,29.88100005313754,0.0
RA-LNS,7,0.0729,0.06361847216021459,0.007762,0.9879154982604733,2351.651406521211,13.340480554944554,106.52231800951995,120.0240300782025,0.7,1607.777692806912,0.4714446222470366,0.4717540236403025,0.9614362489161625,5.1004789477717765,105.4219999932684,122.83860007300973,1.0
DG,8,0.10446,0.054455196262615746,0.011036999999999998,1.1299890964881023,2695.7112449608812,24.83689806205699,0.17384400824084878,0.18302299547940498,0.03,1196.8683121986135,0.4543356731894431,0.4550502829983284,0.9489851891967231,0.0035267344043628506,0.17330003902316093,0.19519997294992208,0.0
RG,8,0.05351,0.03668473660802269,0.005532999999999999,1.0228704545388079,2541.3409858618043,10.243308215066348,0.4255590040702373,0.441737985238433,0.34,1507.1418542174315,0.45847059328947526,0.45855671080906923,0.9322948007071798,0.006556229330415457,0.4243999719619751,0.46529993414878845,0.0
EPD-FF,8,0.06613000000000001,0.029255992548536107,0.0068140000000000015,1.0335412325609117,2495.5477411918832,11.310174631792451,0.4489189921878278,0.5491409893147648,0.74,1758.4281552928826,0.46182765083325905,0.4620965549305904,0.919685412690181,0.03301450902742946,0.44380000326782465,0.5630999803543091,0.0
Std-LNS,8,0.10414999999999999,0.056386944410918384,0.011028000000000003,1.134252442379859,2658.5668477224035,24.424930359246062,28.373673991300166,29.848511025775224,0.04,1078.4728405534477,0.4560921490313149,0.45705158634797527,0.9497177469359457,0.3519033519358048,28.36905000731349,30.007999972440302,0.0
RA-LNS,8,0.04585,0.03548785003349738,0.0047480000000000005,0.9617206697416607,2343.339392129351,7.693870039863961,107.74057500064373,121.41927605494857,0.87,1584.1272266600372,0.4609322517348077,0.46113751357871413,0.9345017717050892,5.8074859352424015,106.44215001957491,121.90200004260987,1.0
DG,9,0.15257,0.07242365014275379,0.016543000000000002,1.1906292130672018,2661.750654830772,38.463434702835784,0.17793999635614455,0.1955779758282006,0.0,1174.8306752774577,0.4726852058943784,0.4735806227382906,0.9852612993670152,0.0044546837858791275,0.17724995268508792,0.20330003462731838,0.0
RG,9,0.09015000000000001,0.056781577117935,0.009564,1.070139545450716,2504.896847418355,18.39060046361708,0.426986999809742,0.44615501770749705,0.14,1510.0599053268786,0.47563912082185683,0.47626480546308225,0.9712221654026472,0.00770725450743301,0.4256999818608165,0.48129993956536055,0.0
EPD-FF,9,0.09488000000000002,0.06345821932578947,0.010008999999999999,1.0940104419670158,2476.957886474324,19.738827774542933,0.45480300206691027,0.5659550020936877,0.42,2013.9054152679255,0.46928487112213024,0.47006300177013616,0.963508315327982,0.03911263267421221,0.4480999778024852,0.571400043554604,0.0
Std-LNS,9,0.17034000000000005,0.07935102015727334,0.018629,1.2120585001824065,2631.6489445558045,43.1034243490049,28.314788000425324,29.898199993185713,0.0,1066.0587931501386,0.4737868954575309,0.4751464235333424,0.9874267398695207,0.4974690054048854,28.252299991436303,32.39300008863211,0.0
RA-LNS,9,0.07768,0.052668373811994615,0.008198,0.9925359961403398,2344.907879765256,13.775596963274825,106.87372300191782,121.98055995744654,0.7,1566.373250650142,0.4771793001662042,0.4774169376995292,0.9713512647316523,5.460950932666684,105.45230004936457,124.8278000857681,1.0
DG,10,0.21631999999999998,0.09223728963927767,0.024406999999999998,1.2313034566639296,2652.677594678527,57.326602630552216,0.17924000159837306,0.23523991578258668,0.0,1197.0979437625326,0.49294623311104924,0.4961759916122682,1.0298524197234127,0.024978445086975578,0.1755499979481101,0.41740003507584333,0.0
RG,10,0.14561,0.09139659676377453,0.016176999999999997,1.1159819138673723,2531.3846615963403,30.699982159194136,0.42528700083494186,0.4733289743307992,0.04,1508.8039690973526,0.4960962645363757,0.49788048088219156,1.0151104235353885,0.032990259039285555,0.4201500560157001,0.7434999570250511,0.0
EPD-FF,10,0.13991,0.09396213013762512,0.015333999999999997,1.1657774577662463,2468.581261806368,33.52938846036616,0.4881460021715611,0.5916779628023507,0.17,1713.2574126820462,0.49557234645054976,0.498152095585283,1.0038207233380374,0.04847216235063675,0.4818500019609928,0.6291000172495842,0.0
Std-LNS,10,0.21832000000000001,0.09369449076653333,0.024653,1.231657452173053,2619.2342624729336,58.25102069726226,28.229550002142787,29.72664998378605,0.0,1071.9759740736984,0.49402851834851225,0.49775427207277795,1.031288412876868,0.3457498191643012,28.148499957751483,30.48399998806417,0.0
RA-LNS,10,0.13114,0.08078923443132754,0.014271999999999998,1.0393932797082812,2395.4708429845427,25.41567650464951,106.5282170008868,119.81765699340033,0.33,1569.338186661357,0.4967661598285057,0.49909639147829454,1.0140256339149178,5.133277312393789,105.02479999559,124.48619992937893,1.0
DG,11,0.21355000000000002,0.09881157573887787,0.024108,1.2364188655874946,2667.9035171031387,57.68045089182808,0.17684200895018876,0.18756291479803625,0.0,1207.9680838474121,0.48915147158645644,0.4925729821439567,1.0266138218845497,0.003685620382303441,0.17640006262809038,0.19379996228963137,0.0
RG,11,0.13859,0.09616996360610729,0.015376999999999998,1.1053069168812022,2561.844658988337,29.521981379097202,0.4267349967267364,0.4495559260249142,0.06,1510.7422526897433,0.4935924777800593,0.4956813079857501,1.0093652132525326,0.011944860438819845,0.42539997957646847,0.5244000349193811,0.0
EPD-FF,11,0.14664,0.09717947519924153,0.016134,1.1747192065414245,2487.6234916062763,35.68159898386563,0.5126619955990463,0.8217949629761285,0.25,1727.0756913000555,0.49192177060773645,0.49375669079966317,1.0030675450705877,0.0907851204904472,0.4862999776378274,0.9401000570505857,0.0
Std-LNS,11,0.22472000000000006,0.10335967105210814,0.025469,1.2642368492074487,2658.387652121547,62.102361541252705,33.20978399249725,43.208891013637206,0.0,1076.529356345449,0.49101211594734273,0.49431477100879434,1.029538847398723,3.2529671000406437,32.226349983830005,47.890700050629675,0.0
RA-LNS,11,0.12208000000000001,0.08287130745921654,0.013329999999999998,1.0357844302869024,2421.425145423847,24.37320307821554,106.30935300141573,122.95572496717797,0.34,1547.7540317633757,0.4950290950902005,0.4963864702989857,1.0071821646561354,5.279639204353526,104.9154499778524,125.3341999836266,1.0
DG,12,0.12706,0.06388909453107001,0.013650000000000002,1.1550297908534026,2654.3275072535735,30.637454179558535,0.17665100865997374,0.18228798755444606,0.01,1187.073727866006,0.4645962553221848,0.46522436084854385,0.9630360935045352,0.005091171158630046,0.1762000611051917,0.22069993428885937,0.0
RG,12,0.07364000000000001,0.05229503226884939,0.007755,1.0497526545183493,2509.023789479661,14.881730212291497,0.4265050042886287,0.45801899512298405,0.26,1528.7647812229875,0.46704798214042414,0.46767306469408404,0.9507529881875092,0.008846065281589549,0.4247500910423696,0.4599000094458461,0.0
EPD-FF,12,0.07642,0.037450548727622136,0.007967,1.0623570705343344,2444.3333976465537,14.035910859969087,0.4457410017494112,0.5345529946498573,0.6,1852.620929746377,0.46585381938774106,0.46635943541712427,0.94196512492767,0.038249686526679136,0.44144998537376523,0.5397999193519354,0.0
Std-LNS,12,0.13386000000000003,0.07182673875375381,0.014395999999999999,1.1672150728404518,2626.7695245702675,33.89967468620558,28.4940480068326,29.79281305684708,0.02,1072.2061852685454,0.4655611339494847,0.46704120617495265,0.9651959033843696,0.28095520629660836,28.449400037061423,30.091100023128092,0.0
RA-LNS,12,0.06119000000000001,0.04570573158806235,0.006403999999999998,0.9768517030401631,2333.041491028904,10.632241099348773,106.43332699430175,120.13714400120084,0.76,1620.1008815395533,0.46868222902415774,0.4694568599693897,0.9511253752033173,5.597384859199116,104.5868499786593,129.10100002773106,1.0
DG,13,0.21518,0.09635760270990557,0.024282999999999996,1.2434653715273918,2663.975622061162,57.74866727495214,0.17671200446784496,0.1859460189007223,0.0,1174.503689560131,0.4903516323937947,0.49308101992272296,1.029679035938519,0.003642734990102765,0.17645006300881505,0.19050005357712507,0.0
RG,13,0.14705999999999997,0.08701606978024233,0.016205,1.1168977962621038,2511.4146089960914,30.402126142460524,0.43398900306783617,0.4629608977120383,0.07,1531.1150627561165,0.4928981085323882,0.49393508211663956,1.0145711059622315,0.0292361294592447,0.430600019171834,0.7164999842643738,0.0
EPD-FF,13,0.14238,0.09187978885478569,0.015526,1.1571753606434199,2470.657982976144,33.12952150436597,0.4951399948913604,0.6478050258010638,0.17,1709.9101028570567,0.49454673850342223,0.4954197251930058,1.000819156377285,0.0648544207920439,0.4834500141441822,0.8859001100063324,0.0
Std-LNS,13,0.21471,0.09354264214784613,0.024078,1.2415227457552742,2633.289310281187,56.99684888828532,28.42856799135916,29.957167925313115,0.0,1066.1503119534418,0.49125406099673724,0.494835868831381,1.0306932845771333,0.43200025203899356,28.317000018432736,30.092600034549832,0.0
RA-LNS,13,0.12533999999999998,0.07497015672919459,0.013641999999999998,1.0399358565118293,2349.4698022491034,24.07382273745425,107.8735670086462,121.17472701007502,0.35,1553.6272597794114,0.4943115260327719,0.4950518578004766,1.0119209875160555,5.97154016679598,106.41770000802353,125.28590008150786,1.0
DG,14,0.19676,0.10150124334213842,0.022115,1.2181205182257253,2676.9686941373698,52.97926389865773,0.17633900162763894,0.1863170205615461,0.0,1170.0383705601416,0.48605060191600424,0.489783378302866,1.0165387215305173,0.0035584181230291414,0.17564994050189853,0.18799991812556982,0.0
RG,14,0.12885,0.0891531687602858,0.014157999999999999,1.1055759912776806,2462.295559121575,26.858284785887573,0.4295969952363521,0.4504670517053456,0.04,1566.0194425292277,0.48722144880526264,0.4881920941201989,1.0025888551706388,0.00759325309700664,0.4277499974705279,0.47690002247691154,0.0
EPD-FF,14,0.11809000000000001,0.07737714068121153,0.012738000000000003,1.122391188927958,2466.6400973852715,27.22170063704337,0.47987200669012964,0.6027660495601594,0.27,1716.3967063005684,0.4868496109945739,0.4890940339846646,0.9900025341527241,0.04966899221177267,0.472750049084425,0.6093000993132591,0.0
Std-LNS,14,0.19163000000000005,0.09655606195366503,0.021417000000000002,1.2077577852816899,2629.117820349096,50.43217393419201,28.53507599211298,31.357379998080432,0.0,1074.380192603886,0.4863913601738449,0.4887256270414885,1.0156624330355362,2.438890501764474,28.659300005529076,31.404899898916483,0.0
RA-LNS,14,0.11232999999999999,0.07852286991698659,0.012210999999999998,1.0267153770208506,2303.398788265475,21.912488789453015,107.36924900091253,124.64024592307398,0.46,1624.0562678622164,0.4878661801032912,0.4885878208540124,1.0009440789330468,6.171375096071165,106.0156500316225,126.34759990032762,1.0
DG,15,0.042,0.03262974103482895,0.004305999999999999,1.03183779465903,2605.2501694740718,8.783713695265007,0.1774749916512519,0.18626502016559252,0.35,1158.1215758752955,0.4158710821236575,0.41626682208409505,0.8681151437878901,0.004274675496430129,0.1767999492585659,0.20260002929717302,0.0
RG,15,0.01958,0.018926795819683793,0.0019819999999999994,0.943410810163557,2456.599585879476,3.5731266119641973,0.4342680028639734,0.4748620057944209,0.81,1505.4330308855174,0.41822119233446886,0.41822119233446886,0.8559720154010949,0.010902180576747337,0.4316499689593911,0.4909000126644969,0.0
EPD-FF,15,0.05224000000000001,0.012303755524229179,0.005356,0.9964068559450087,2634.7864786486944,8.000918874846345,0.3959959978237748,0.4672199487686157,0.98,2165.466597628276,0.4125542961956784,0.4125557614352867,0.8289559235612317,0.027095512027977473,0.39345002733170986,0.4691999638453126,0.0
Std-LNS,15,0.04991,0.03475891108766211,0.005136000000000001,1.0526927850470253,2599.6065249235694,10.820567618055636,29.201764995232224,39.66491599217993,0.25,1054.1854285088498,0.4167825043372143,0.4168360280710614,0.8686749333121305,2.6583873423766584,28.350799984764308,47.94289998244494,0.0
RA-LNS,15,0.014410000000000001,0.016715917563807258,0.001466,0.909905505983215,2289.491084688907,2.2719025214181734,108.12285299994983,124.93324602139185,0.99,1643.1516691169763,0.4203791182236371,0.4205396695635133,0.8590429632249187,6.623080731206895,106.58394999336451,130.15510002151132,1.0
DG,16,0.14827,0.07116092396814419,0.016007999999999998,1.188511635800451,2681.3676639658124,37.82739004955583,0.20310600055381656,0.3094070276711136,0.02,1163.0256677739783,0.46911760265689717,0.4705112211411916,0.9785801237593833,0.03654024869770943,0.18269999418407679,0.3101000329479575,0.0
RG,16,0.08580000000000002,0.05423320016373734,0.009047,1.065638199528606,2460.2765713808303,17.177759665423096,0.5246379994787276,0.8883379946928482,0.19,1528.3592321355518,0.47061244811034547,0.4709388052921883,0.9682634464693066,0.1274959118619557,0.4539999645203352,1.109899953007698,0.0
EPD-FF,16,0.07884000000000001,0.0383608446205242,0.008218999999999999,1.0607756646347537,2409.6835350535184,15.16161610452569,0.5223390075843781,0.8844629779923711,0.54,1785.3188486058839,0.4712622856097232,0.47171189343420017,0.9559082374772199,0.1181247652632028,0.48625003546476364,0.9401999413967133,0.0
Std-LNS,16,0.14012,0.06893261637280279,0.015072,1.1682340882392586,2614.9289002054957,34.58755860634461,32.32673799851909,41.43068592762575,0.02,1065.5757862943685,0.46956483685155553,0.4708455118647186,0.9805737594019359,2.8809234845608547,31.43049997743219,42.22129995469004,0.0
RA-LNS,16,0.07412,0.051006132964575936,0.007795,0.9918243117547659,2287.529572330254,13.212081371585743,106.8951799988281,120.66654394497168,0.68,1613.2027850297984,0.471454173632168,0.47197125764620657,0.9685933898490288,5.41083502019367,105.66810000455007,128.29390005208552,1.0
DG,17,0.06251,0.038354007613285994,0.006468999999999998,1.082648337639962,2676.6874804182776,14.437246618328299,0.21172900102101266,0.323788013774902,0.17,1186.7484906840693,0.4301712776520037,0.4308541908189851,0.8923439510068505,0.04678393705781186,0.18664996605366468,0.40179991628974676,0.0
RG,17,0.027970000000000002,0.02051363205285695,0.002846,0.9760040463174381,2539.8770338216414,5.331990114517393,0.5167009960860014,0.8759300154633833,0.64,1505.648708894326,0.43286605007313544,0.4332627053013364,0.8812536054838843,0.13405152824834604,0.44000003254041076,1.1264000786468387,0.0
EPD-FF,17,0.052669999999999995,0.009959974899566766,0.005397,0.9968367299529503,2608.990087718885,7.860153962608845,0.4748800059314817,0.7877259340602912,0.97,2005.3546637844272,0.4279155534954039,0.42825828291664364,0.8578763042476623,0.11091473217646124,0.4329500370658934,0.9388000471517444,0.0
Std-LNS,17,0.06806,0.03779307343945448,0.007034,1.1022451181928188,2641.3031153059296,15.884209468351813,32.954736000392586,42.10091906948947,0.13,1067.7437185420076,0.4314081793727012,0.43241593210765095,0.8963323596428904,3.28875491428913,31.932150071952492,43.805599911138415,0.0
RA-LNS,17,0.02097,0.01791170287828603,0.0021239999999999996,0.9268862435929981,2316.7625349655955,3.266051935274259,107.67299700411968,123.76818606280723,1.0,1638.617562361759,0.43538610731183575,0.43540743862124026,0.8838350982961445,6.038258281485222,105.79820006387308,126.62790005560964,1.0
DG,18,0.09419000000000001,0.04995451831416253,0.009845,1.1151036512124524,2668.3562582453583,21.784756607524514,0.2041690016631037,0.32347301719710236,0.06,1192.4735932876645,0.4496081799191668,0.45049818769561406,0.9394288978682266,0.04368342266550667,0.18269999418407679,0.3306999569758773,0.0
RG,18,0.04877000000000001,0.03380528213164328,0.005032999999999999,1.0182457194310515,2527.213215212704,9.557568454837753,0.5000119924079627,0.8427059976384055,0.35,1520.3844951738583,0.45258220651881464,0.45297379341704613,0.9261587892306159,0.11742330502738134,0.4429499967955053,1.0511999716982245,0.0
EPD-FF,18,0.06089000000000001,0.021733336145194092,0.006265,1.0222440047979806,2488.5227552648344,9.947227416494322,0.5191610008478165,0.8752310276031494,0.75,1951.6852052513982,0.44800286016560903,0.44807155798022696,0.9076616112188135,0.12312540302527684,0.46550005208700895,0.878299935720861,0.0
Std-LNS,18,0.10584000000000002,0.05692305683991329,0.011175000000000001,1.1430177338820164,2615.804993570522,24.970902474456544,28.661891999654472,33.765405995072804,0.06,1076.2892485197608,0.45084971174378835,0.4517775813744798,0.9408492755976777,1.1408927975182632,28.37504999479279,34.627299988642335,0.0
RA-LNS,18,0.041299999999999996,0.029431445768089617,0.004267,0.953666963818872,2333.814394689542,7.004783158306742,106.92341900081374,123.31420500413516,0.92,1589.7862323749605,0.4547917602993513,0.45573063168522815,0.9278485606803626,5.725844642569252,105.78525002347305,127.39349994808435,1.0
DG,19,0.03463,0.027629207371909895,0.0035279999999999995,1.016214101001041,2632.475447263691,7.604510835630699,0.19773399690166116,0.33595199696719646,0.44,1181.1831722455518,0.41041345948263525,0.41052113918105093,0.8486836969815531,0.039303806799302066,0.181450042873621,0.34110003616660833,0.0
RG,19,0.013410000000000002,0.01332448498066623,0.001354,0.9153597700905499,2478.363387989257,2.5005326941601385,0.43265399523079395,0.6385599682107571,0.91,1527.9580420892698,0.4121789420713097,0.41224868082790583,0.838549736635019,0.034855462271856694,0.42729999404400587,0.7039000047370791,0.0
EPD-FF,19,0.051,0.01082866566110525,0.005207999999999999,0.9957868032653078,2747.1536061626334,7.719603864809978,0.39755999809131026,0.48130403971299635,0.98,2104.6099358711085,0.40914874307700105,0.40983804803968515,0.8012132467514056,0.039109797032423,0.3931000246666372,0.6896000122651458,0.0
Std-LNS,19,0.03599,0.028581285835315388,0.003667,1.0123917326183736,2591.862133073193,7.7244071459017025,28.667182995704934,31.92955703823833,0.44,1067.446711267338,0.4111296964532474,0.41180594171713397,0.8502741083110854,1.4988284317017349,28.435149986762553,42.69649996422231,0.0
RA-LNS,19,0.009590000000000001,0.011529176033004268,0.000967,0.8987453640405033,2301.3676354676286,1.5071462366890507,107.8801709995605,125.53805900039154,1.0,1694.838305650588,0.413728153080725,0.413728153080725,0.842152241889517,6.182603271244704,107.11030004313216,130.36519999150187,1.0
DG,20,0.12231000000000002,0.06127392512317127,0.013071999999999999,1.1461312795724035,2645.865443493941,28.708046202296302,0.17709099571220577,0.22587497020140315,0.02,1184.691740025458,0.4621681729648537,0.46338755559721867,0.9648114723659976,0.011329932399201159,0.17559999832883477,0.2728999825194478,0.0
RG,20,0.06819000000000001,0.04486127394535291,0.007125,1.049215247308625,2524.558032596345,13.472497269899334,0.4258770029991865,0.44161198544316005,0.3,1507.7291374038218,0.46499254732505785,0.4651571899008655,0.9491654606491545,0.005979404230516442,0.4255499807186425,0.4626000300049782,0.0
EPD-FF,20,0.07776,0.04777072743846382,0.008138,1.0532765331213185,2520.9479066174645,14.582134697627566,0.44454000424593687,0.5303599638864399,0.6,2070.4477786575817,0.4623405829081503,0.4629151041449471,0.9425743228097564,0.03765113996001206,0.43524999637156725,0.5462000845000148,0.0
Std-LNS,20,0.12681000000000003,0.06457115377628,0.013639000000000002,1.149902400305195,2603.531086129499,29.91143386864419,28.613311999943107,31.09476591460407,0.01,1065.938696136415,0.4633198337374187,0.46489102068723953,0.9671923998729409,0.6186850636359837,28.461850015446544,31.99230006430298,0.0
RA-LNS,20,0.05947000000000001,0.044342858500552265,0.006197999999999999,0.9731525633107917,2361.6572838566117,10.149190138913154,107.35722100129351,125.95777604263277,0.79,1596.9785355197018,0.4668172883224141,0.4671017238661026,0.9496689767451639,5.868737676149378,106.15574999246746,127.88589997217059,1.0
DG,21,0.13892,0.07031211559894923,0.014945,1.1672956920263289,2660.043918014847,34.208621179972376,0.1966309966519475,0.3003959590569139,0.02,1191.3778957150187,0.46977289237154596,0.4707802910512108,0.9734454043378136,0.03355807130646789,0.18179998733103275,0.30990003142505884,0.0
RG,21,0.07648,0.051510674621868424,0.008069,1.0482702176870227,2518.5010790817973,15.18601623182142,0.5085550004150718,0.8878679922781896,0.25,1503.0207125781492,0.47302037634466165,0.4733571632965235,0.9602360800754398,0.13669854206321463,0.44174998765811324,1.102500013075769,0.0
EPD-FF,21,0.08131000000000001,0.0424008714533086,0.00848,1.0631367760157433,2463.0689938934456,15.426376291341878,0.5446710006799549,0.8682560897432269,0.56,1800.5083834485888,0.47092416212429083,0.47146825172181145,0.9475181473113216,0.12369709919533561,0.49664994003251195,0.8936000522226095,0.0
Std-LNS,21,0.14453000000000002,0.07277052356552069,0.015577,1.1760724821229795,2614.0449274332937,35.528216726574534,33.08926799916662,46.71085094218143,0.02,1069.931763130477,0.4710535703272009,0.4725763654181589,0.97597447121814,3.7621908114621023,31.854550063144416,47.86429996602237,0.0
RA-LNS,21,0.0668,0.04468870103281142,0.007009,0.9831470014877516,2360.8960593635534,11.804328839788996,107.87351400242187,124.91883198381403,0.71,1584.8321887679724,0.4744501232964089,0.47472205074022866,0.9599241736195104,6.019463305506135,107.07925003953278,127.6940000243485,1.0
DG,22,0.19963,0.09242214615556166,0.022354000000000002,1.2262939663829642,2679.92146158703,52.23793945292514,0.19525999785400927,0.30003495630808175,0.0,1194.7334893245804,0.48797575365390883,0.49035259716098023,1.0184386637973177,0.034244388903183196,0.1785499625839293,0.3034999826923013,0.0
RG,22,0.1267,0.08485711519961069,0.01385,1.0924842964742492,2547.028323128857,25.51401679794201,0.4809769953135401,0.77291494817473,0.08,1510.3937944513652,0.49234275881353107,0.49325550990342587,1.002094053695459,0.10055478790236261,0.43679994996637106,0.784300034865737,0.0
EPD-FF,22,0.12705000000000002,0.08444233239317823,0.013794000000000002,1.1459921271668647,2456.5869411659446,29.87164079441793,0.5368669901508838,0.912998961284757,0.23,1926.17230337921,0.48454754143692574,0.48591339969263136,0.9967680063944171,0.12719570825476473,0.4965999396517873,0.9821999119594693,0.0
Std-LNS,22,0.21707,0.09198165632342135,0.024407999999999996,1.2564034517077922,2623.389923514397,58.837632227674476,31.611189995892346,38.006186969578266,0.0,1068.9477092558063,0.48965388572819263,0.49064543321901366,1.0211361597506723,2.3550983225628355,30.920600052922964,38.26229996047914,0.0
RA-LNS,22,0.11128,0.07277528151783406,0.012015,1.0259717191747786,2412.8605413281903,20.956527721600175,107.32934799278155,124.20838200720031,0.45,1538.0481107875478,0.49365165348553264,0.4950141204147057,1.0011181265410793,6.045320922343188,105.91585002839565,133.53240001015365,1.0
DG,23,0.18045000000000003,0.08237516312578688,0.019887000000000002,1.2031185638509079,2667.6767281010334,46.215399646784924,0.19265400245785713,0.3187470964621753,0.0,1172.0911740022668,0.48145506068137467,0.482406305923775,1.00589257481774,0.03609896412748142,0.17775001469999552,0.33329997677356005,0.0
RG,23,0.1148,0.07113550449669981,0.012392999999999998,1.0909246251119153,2484.16333256876,23.663642281157465,0.4749559995252639,0.8044900430832077,0.12,1508.4120420755094,0.4843628515809996,0.4849842601733215,0.9926315175972139,0.11195439516361674,0.4320500302128494,1.1697999434545636,0.0
EPD-FF,23,0.10528999999999998,0.056017906958400365,0.011134999999999999,1.1333598563475957,2442.4488926897316,23.41720717783419,0.5071449966635555,0.844021907541901,0.29,1645.5484063380957,0.48491283486243913,0.48537699253719085,0.9816085721660689,0.08646023018046184,0.4932999727316201,0.8560999995097518,0.0
Std-LNS,23,0.18619999999999998,0.08213026238847652,0.020531999999999998,1.2173904739834618,2631.635677462119,47.32282169502851,31.476049000630155,38.64799999166281,0.0,1066.266010837715,0.4826527470975326,0.48458714080520243,1.0092496435443328,2.608779378063375,30.55059997132048,40.103300008922815,0.0
RA-LNS,23,0.10013999999999999,0.06191688299648167,0.010683000000000003,1.0145102653240352,2318.3107436799723,18.294113578402914,108.26167600229383,129.67848605476323,0.53,1547.412759837885,0.4862607341265288,0.4868389967376809,0.991723560503521,6.989162475592964,106.32269998313859,136.53779996093363,1.0
DG,24,0.17521,0.08690584502782309,0.019271,1.2082765001612428,2677.480182824454,45.2149321241056,0.19423799705691636,0.31091703800484544,0.01,1197.1575566510087,0.4772096151517293,0.4787784058511507,0.9982388819308288,0.03532410387591771,0.17674994887784123,0.3225000109523535,0.0
RG,24,0.10678999999999998,0.0741076642460144,0.011530999999999998,1.0822638772594253,2574.0923925167403,22.299842014449947,0.4787379992194474,0.7960609917063277,0.15,1507.5111099791307,0.48005181415839215,0.48083237163002174,0.9848797396347956,0.1043639810162673,0.43365004239603877,1.0100000072270632,0.0
EPD-FF,24,0.10245000000000001,0.06428660435891757,0.010871000000000002,1.1132236238026265,2498.9674936239257,22.197755449700075,0.5181069916579872,1.03458296158351,0.29,1778.6836268196528,0.4764840493850124,0.47685873684726865,0.9735505457841702,0.13217689533404647,0.4725499893538654,1.042800024151802,0.0
Std-LNS,24,0.18078,0.0890837336442518,0.019998,1.2099156946876726,2640.310667406915,46.600596857967375,31.11594900023192,39.2798270075582,0.01,1069.2848699615186,0.4784444111579639,0.4800161138513519,0.9998353791629245,2.3822250118513932,30.323199986014515,39.51020003296435,0.0
RA-LNS,24,0.09420000000000002,0.0698138954650147,0.010104000000000002,1.009529299609839,2441.795013451663,17.967051232199893,106.80842800415121,128.76730600255542,0.54,1594.431066458528,0.4811357631728743,0.482006463367043,0.9847641667613108,5.842780921209784,105.53020006045699,129.3619000352919,1.0
DG,25,0.047,0.03147538720969132,0.004828,1.0501953536234705,2678.339828493899,10.204207804459896,0.1889539964031428,0.3013779665343464,0.29,1201.9871187514168,0.4204431355494602,0.4204876421389499,0.8726122660808803,0.028823447629225066,0.17804995877668262,0.30910002533346415,0.0
RG,25,0.01699,0.014262184264691015,0.001715,0.9376308276243353,2544.9553657882775,3.182805106797578,0.5019400035962462,0.8336039225105212,0.84,1481.3732016198132,0.4247352292588497,0.42485964583864516,0.8574633702115109,0.13054421428485893,0.44145004358142614,1.1309999972581863,0.0
EPD-FF,25,0.05156000000000001,0.01039357493839343,0.005273,0.9961968509378576,2692.4721023763345,8.145055209588685,0.43943199678324163,0.7495320017915219,0.98,2103.3015976755987,0.4135641185489211,0.41410127401917324,0.8198717422316492,0.10401894122117859,0.39915001252666116,0.7526999106630683,0.0
Std-LNS,25,0.05885,0.03532063844270089,0.006066,1.0867523510956862,2612.6603361380157,13.396404451382686,31.411145005840808,40.60757397906855,0.12,1072.6014642828623,0.42227092360508595,0.42243883537855303,0.8776232836764116,2.6198220060661765,30.597750039305538,40.971299982629716,0.0
RA-LNS,25,0.013919999999999998,0.013912354222057461,0.0014099999999999998,0.9114142538182098,2333.3567829440485,2.11624931207305,107.38618700182997,124.3168840033468,1.0,1630.3732816577592,0.42759365613588574,0.4276129663968162,0.862491198694003,5.9929075978923665,105.72985000908375,126.2655999744311,1.0
DG,26,0.21063,0.09616482257041813,0.023629999999999998,1.2379950721051862,2671.644363607649,56.811082814275885,0.2011729939840734,0.3331799735315146,0.01,1187.8479383486783,0.4882116021467553,0.4902248603314142,1.0247581256867193,0.045282800351587715,0.17809995915740728,0.3608999541029334,0.0
RG,26,0.13564,0.0859905250594506,0.014896,1.1122776181825358,2524.0096800676674,29.202054047650265,0.4765229974873364,0.812074003042654,0.06,1501.1014300614959,0.49147286433595794,0.49237041284316624,1.009665450085274,0.10179020922865709,0.4339000442996621,0.9580000769346952,0.0
EPD-FF,26,0.14755,0.08792751275909037,0.016135,1.1734296446163253,2485.645752660098,34.95391182202755,0.5212459969334304,0.8901050209533425,0.21,1857.9629409835036,0.4891894131827592,0.49008922983167097,1.0008393833005194,0.09565825696135012,0.48985000466927886,0.9400999406352639,0.0
Std-LNS,26,0.21476000000000003,0.09374626605897432,0.024147000000000002,1.2341986170220185,2636.0829202848363,56.88271506324427,31.846201000735164,39.92407900514082,0.01,1069.5699819572917,0.48953618245100117,0.49095474241766496,1.0256276658359065,2.734807121390095,31.405200075823814,41.901999968104064,0.0
RA-LNS,26,0.12278,0.07507657157862231,0.013317999999999997,1.0343496672517571,2362.689631066003,23.871413117696566,107.16653100447729,126.09815194853584,0.35,1521.8014723623626,0.4930800057334228,0.4939166534378021,1.008334824255245,6.288097993085542,105.18574999878183,132.56800000090152,1.0
DG,27,0.26733,0.11777215757554924,0.03153,1.2699408533940286,2654.6408495581964,75.68189736842112,0.20210599876008928,0.32038499484770006,0.0,1192.6838902263714,0.5100440402947998,0.5137440673226618,1.0620315515723238,0.04106126825261771,0.1813999842852354,0.3288000589236617,0.0
RG,27,0.19307000000000002,0.12968687327559408,0.022538,1.1392562079447943,2495.29592284136,43.24745057758242,0.478633000748232,0.7903279422316716,0.01,1479.840568382452,0.514776521695304,0.5155998255307989,1.0432215222267742,0.1049495142379658,0.4337500431574881,1.090100035071373,0.0
EPD-FF,27,0.21181999999999998,0.14188674215725722,0.024603,1.2384451716683593,2475.422416844968,57.72288946181809,0.5389669956639409,0.940547058125958,0.1,1827.5387479798746,0.5106031999042632,0.5126675401357493,1.0375992578874165,0.09820005130699255,0.5231500254012644,0.965000013820827,0.0
Std-LNS,27,0.28457,0.11923818641693609,0.033613,1.2977096940011115,2624.1860333606182,81.12333408577264,31.338172995019704,37.03005399322141,0.0,1076.3848076352242,0.5118402788745133,0.5154622467520443,1.064861373293266,2.4386222098700396,30.912149988580495,43.272400042042136,0.0
RA-LNS,27,0.16954999999999995,0.10638781650170286,0.019276,1.0733764021971754,2368.813704955449,35.96767864431827,106.74771799705923,120.21479001385161,0.23,1497.5307911829377,0.5161239416942509,0.5175292678256632,1.040433085912558,5.074785790982459,105.20374996121973,123.07490000966936,1.0
DG,28,0.17584000000000008,0.07720890104126597,0.019237999999999998,1.198841994884015,2689.315054220092,43.77054164045293,0.19563299836590886,0.31329994089901453,0.0,1203.7813948020964,0.4796253269673192,0.48106712977772054,1.0014982565336243,0.03663564030808895,0.1793500268831849,0.32320001628249884,0.0
RG,28,0.10565,0.0634267096734491,0.011303000000000002,1.0818825611656566,2547.856963880549,21.735776901074004,0.4861699917819351,0.7988650165498266,0.18,1477.7654088274023,0.4843741211134882,0.4852846252399523,0.9861101996767271,0.11593730619083856,0.4365000640973449,0.9637000039219856,0.0
EPD-FF,28,0.11340000000000001,0.05804928940133549,0.012056000000000002,1.1364519283421501,2453.9119474881622,24.818267802133857,0.501158005790785,0.7921209756750615,0.27,1995.961855630536,0.47096550269937076,0.47181385085198746,0.9832678465710132,0.09879144033400702,0.4783999756909907,0.8238999871537089,0.0
Std-LNS,28,0.21176999999999996,0.08482038139503972,0.023584,1.2549646981817382,2619.5836578792187,55.784504665241236,31.37729700654745,39.398484961129725,0.0,1071.6537221570184,0.48176965998030835,0.4844892802979103,1.009755871312308,3.90462815745285,30.41385003598407,39.88210007082671,0.0
RA-LNS,28,0.09267999999999998,0.057803958341968234,0.009869,1.0070533568041784,2384.2069263819667,16.48903803362273,108.25756099889986,129.94204500922933,0.52,1526.3010735940074,0.4866593806915192,0.48718154350030396,0.9852549348733891,7.056122136936268,105.66925001330674,131.7086999770254,1.0
DG,29,0.07714,0.035199153398910034,0.008014000000000002,1.0945215660568144,2619.7202962419087,17.135406556122664,0.19954299787059426,0.3159899613820017,0.07,1168.4199060101375,0.4408553350000407,0.44160749556250034,0.9200041357549079,0.04194639723610584,0.1790500245988369,0.32490002922713757,0.0
RG,29,0.03833,0.024212829244018554,0.003897999999999999,0.9969914736976658,2468.923115076373,7.3505073774970064,0.4618870059493929,0.7920470717363074,0.58,1494.0486356822473,0.44321102635116894,0.44321102635116894,0.9083077704965444,0.1038749347178386,0.42779999785125256,1.0639999527484179,0.0
EPD-FF,29,0.05358,0.014511498888812277,0.005482000000000002,1.0115332703771438,2524.760046722663,8.336423834087102,0.4426470072939992,0.6899860105477277,0.87,2098.1783326169716,0.4368454646152097,0.4371723430027858,0.8940187196956831,0.07826191902065369,0.42055005906149745,0.7479999912902713,0.0
Std-LNS,29,0.08619000000000002,0.04119725597658174,0.008984,1.1209071538591973,2608.862979253299,20.176560488866834,31.180952994618565,40.89827890042216,0.02,1063.3169300600257,0.44174958988692636,0.443054945210203,0.9224664749454072,2.4290394652010048,30.429149977862835,42.32180002145469,0.0
RA-LNS,29,0.03159999999999999,0.022752582271030247,0.0032240000000000003,0.9417371370187052,2296.870024339059,4.894080474143238,108.67224600282498,127.83762495731936,0.98,1609.681486552074,0.4451203829823521,0.44542970227946577,0.9099600668718495,6.605313791850957,106.80145001970232,130.8199999621138,1.0
